username,comment,likes
ayydeln,sekelas ui...,151963
06fizii,ui lagi ui lagi.. UIIAAUUIIIAAAUIIIIAA,108604
mojitowithberry,don't care...,0
zafiraaaaq,our future lawyer btw..,21827
aycaa__6,sekelas top 1 loh,44989
.hm_122,"[Sticker] padahal FH, UI lagi",30587
xsydle,ternyata bener yaa pendidikan tidak menentukan pola pikir manusia..,152900
whoopspiw,"banyak, kebetulan UI doang yg ke up",31634
ayaaaa4_4,fakultas hukum loh :(,45530
xyzaxxkaxz,ahahaha udahlah guys UI gak seindah itu,5722
homecity23,"""ini yg ke publish doang"" wtf 😔",59822
jieee897,[Sticker] kampus itu lagii.,4903
infphuwin03,[Sticker] f-fakultas hukum..?,2820
jeeeremyy._,our future lawyer btw💜💜,7664
urexpectation,"[Sticker] sebagai calon hakim yang amanah dan bertanggung jawab di masa depan, aku marah banget sih",6711
_.syifl0ove,"[Sticker] belajarnya sampe ke UI, fakultas hukum, bisa gitu ya",38
m4tch4loverr_,FH loh☹️🥹,1081
intann.taa15,fakultas hukum loh...,6
alxsnelux,"[Sticker] ui ini, tidak jadi gokil",1204
meowsl_,bahkan jurusan hukum yang harusnya jauh lebih ngerti dan bisa menegakkan hukum malah gini..,734
applecak,Fh ui kasus chat liat dimana ?😭,22169
kevinaprilingkai,"Nih buat lu yg lgi nyari kmpus buat kuliah, KUALITAS MAHASISWA TIDAK DI TENTUKAN OLEH AKREDITASI KAMPUS, so dimanapun lu kuliah ttp lah jadi orang yg berkualitas baik dalam ilmu dan adab !!!",1768
angelaleestell,"[Sticker] Oh, univ ini lagi. Byee",0
saha.sia76,fasilitas hukum loh?,2352
faadiiillll,ui ternyata problematik y,10461
finnx770,"[Sticker] ini yg katanya ""univ top 1""",3413
heeliumz11,[Sticker] f-fakultas hukum?!,30
yanaaaaalov3,"sekelas fh ui....?, miris bgt🥲",57
zeraaaa881,UI? ANJIR..,107
_zncassss,sumpah sekelas UI 😭,33
slsabila.__2,UI..... mana fakultas hukum......,16
n0thingcare_,ui lohh..... univ terkenal jir,733
my_sar032,tidak FANTAST.,130
glngsptrr16,gokil sekelas UI mana fakultas HUKUM lagi 😭,4
carameltih_,KOBISAAA😭😭😭,18
nabilaaja0_,katanya hukum..,226
owhmylord2107,[Sticker] kampus itu lagi....,133
qiiyy.a,malu maluin,77
kittyclip_31,miris bgt,160
zyy_14j,real kampus itu di nilai bagus itu bukan seberapa besar nama kampus nya tapi seberapa niat dan giat kita untuk belajar di kampus itu jdi di mana pun juga ya siswa nya ga beda jauh,228
aquarriuz01,"Akhirnya nemu jg penjelasan kasusnya, drtd sliweran mahasiswa Ui pada live 2 orang disidang",386
ahn.luv,pantesan udh jarang aku Nemu yang minat UI,209
domiin0es,eh diatas lgi live klarif fh ui cuy,43
hoshin4_,[Sticker] top 1 btw,53
revan_7154,[Sticker] t-takuttt,65
immziaa1,kampus itu lg..,46
ansttasyaa,bikin malu,59
alloo3688,sekelas UI dan fakultas hukum? MIRISSSS,24
larasatiiagiss_,universitas ini lagi...,175
ily_cyx0,[Sticker] tidak fantastt,137
naa1waaa_,[Sticker] univ favorit gue...,41
nisdel30,baru melek ih,16
imcimolllllllll,UI LOHH ANJIR,13
azzruy,sakit sih,49
itoshirinnsgf,ui.. fakultas hukum...,11
medinn_11,[Sticker] Fh dan ui,12
alyssagemas,malu maluin ah,54
alyarmdni_,Mna fakultas hukum lagi😩,4
pinklyndy,"That’s why, adab harus lebih tinggi daripada ilmu",127
rifkyapping,ui + fakultas hukum? WTF,85
thisislilyie,sekelas fh ui...,33
vanjesya,[Sticker] oh jdi ini yang live tadi,48
r4ha12,padahal ui top 1 loh,176
tiaratasny_,our future lawyer 😂,27
unika_251,ini yg live tengah malam sampe yg liat 33k itu?,3
allea_cantiknya,"[Sticker] stress, stress",29
blqiisrryn,jujur takut..,37
shirenntsyy_,"fakultas hukum mana ui lgi, jir miris😔💔",74
ohifypototfzztz,[Sticker] TIDAK PANTASSSS,16
ayaachuu,ui loh ya..,20
ytta04400,jam segini lagi live kampusnya,31
rayaa.zhr,fakultas hukum yaa :(,36
xyz_.reh,[Sticker] ui woy ui..,23
hellocello_09,our future lawyer.......🥰,27
agiftasetiaji,"itu masih mahasiswa loh, gimana kalo udah lulus dia??🥲",22
cchlsasora,malu2in,41
chcrey_,jahat banget...,30
pika20111,"[Sticker] sebagai calon hakim yang amanah dan bertanggung jawab di masa depan, aku marah bngt sih",92
elita15151,lagi live tuh jam sampe jam segini,17
xxwiyounaa,"kayanya bnyk deh kasus kaya gini cuma bukan di UI doang, tapi belum naik aja berita nya",88
shindyh_,UI lohhh sekelas UI :),13
n0counter0,our future lawyer💜,73
zouu7777,"kampus overrated, di depan doang bagus di belakang kaya gini",115
naks_rebahan,aku nonton Ampe jam sgini blm selesai woilah 😭,78
excelliamborg,ui lhoo..,49
rrxoux,[Sticker] ,8
bngadslv_,"pantes tiba² bgt ada live, ternyata ada kasus ini yaa😭😭",59
kyle.irza,Cihuyyy,22
chycyml,mirisss,11
nataca1706,"UP PLSS, MIRIS BANGETTT
sakit hati banget sumpah😔😔",65
cicakrebusss_,ui bermasalah bgt😭😭,6
ffffffnnnnkkkkaaaaa,jujur takut...,21
soufkei,univ ini lagi…,21
vraa_jiee,astgaaa...,26
naura.hasna71,ohh yang di live tadi..,21
coffeuphoriaa,"UPP, aku ga terima banget sebagai orang yang bermimpi menjadi anak hukum.. :((",77
beritapopuleridn,Semalam nih live kasus ini,4
ssttffuu0,kampus itu lagi :),26
r4ha12,ternyata pendidikan harus berdampingan sama etika juga ya,64
annch4n_,DUNIA BUTUH LEBIH BANYAK ORANG BERILMU DAN BERHATI NURANI 💔 Pendidikan itu menjembantani akal dan nurani. UP pantau terus kasus ini agar tuntas dan tidak terjadi lagi ka,88
cys576,"Please, terapkan hidup untuk mengutamakan ADAB yang UTAMA dan PERTAMA. BerMORAL dan BerETIKA itu mulai dari diri sendiri, dengan menjaga hati, pikiran, perkataan, perbuatan atau perilaku agar tidak merugikan orang lain. That’s simple!",36
ayayyy_fahfahfahh,[Sticker] e-ee gajadi disini deh nanti. . .,406
arjunaanggara__,"Gua pernah denger ada yg bilang gini, ""Dulu, kampus menjadi besar karena mahasiswa/i nya berprestasi. Skrng, mahasiswa/i besar karena nama kampusnya."".",30
rafaalippii,INI YANG DI LIVE YA?,65
sweetmusicyy,kirain itu foto satu org rupanya banyak😭,44
k.edwardslee20133,"[Sticker] sebagai calon lawyer, jujur aku amat sangat kecewa dan ilfeel",29
jellypfish,sakit sih men,8
imeezyy,sakitttt,19
diashel2,cb nntn live report nya sampai saat ini 01:57 blm kelar,37
reee11_8,tadi live pas sidang nya lewat di beranda ku😭😭,6
sc_c222,"oalaahh ini too, yg barusan livenya sliweran td",23
smilee._00,"kata aku buat yang kuliah jangan menyia nyiakan kesempatan itu deh, ada loh orang yang berusaha mati matian biar bisa kuliah :(",21
liliaassfanyy,hmm kampus itu lagi..,19
thegirlsone,streesssss bgttttt,25
andincute980,[Sticker] miris dih,22
omiauww,malu maluin,10
moeezaraa,"lagi"" UI",24
aeveili,"[Sticker] YA AMPUN GA AMAN BGTT, SEDIH 💔💔",33
somayyyy25,srem bgt ya jmn skrg😭,15
3llc.nzwaa,"FH??
UI??
impian gue bgt ini pdhl...",18
co0kie.bells,[Sticker] HUKUM LOHH?!?!,39
whyuuuu94,"SEDIHHH BGTT waktu ibu dosen nya bilang “pas saya liat grupnya, ternyata nama saya juga ada di situ.” 😭😭😭",28
rmdhnixz,ga ui doang sih kayanya ya,234
username1127723,ini dia🥰,35
inijugafoto,baru kelar nonton live nya,24
senimanbungaapi008,lagi live.dr sore sampai skrg blm selesai,30
ijulyeager,banyak yg live wkwkkwk,28
jipang__,konsisten ya UI,11
outusby,lagi live tau😭 barusan lewat,94
lif3isuck,sakit sakit,14
always.juxz_,malu maluin.,13
nysavania,"stress bgt wkwk, sakittt",25
fitriasshauqi,"Barusan liat Live nya kak, sampai jam 3 pagi lewat.",6
aby_akmal___,"UI lho, kok malah PARAH",15
bassicallyjey,sakit bgt,12
nindatp_,bang makasih ya selalu ngasih info2 terbaru,6
tintingsahur,adab lebih penting dari pada ilmu,39
amymyyaa,sekelas fh ui anjir😭😭,16
botolpasir,orang yg ngerti hukum malah sering melanggar hukum🙏,19
tteletubiiesss,makin miriss aja,23
thisislilyie,"FAKULTAS HUKUM LOH, HUKUMMM",32
onyourysalsa,lagi live...,28
winkyeve.7,adab lebih tinggi dari pada ilmu,13
sy.oou,"ini bukan salah fakultas nya bukan salah univ nya, ini adalah salah pola berfikir dri kepribadian masing masing pelaku, adab selalu lebih tinggi dri ilmu, maka mulai skrg, jgn merendahkan org yg tidak kuliah dan begitupun sebaliknya krna kalo pribadi kita baik dimana aja pasti bisa sukses dan jadi ""org"" bkn tmpt yg menentukan tp diri kita sendiri",43
r4ha12,"padahal ui top 1,mana di fakultas hukum lagii miris banget yaa",22
21strobeli,ui lagi..,10
itsmechaissa_,SEKELAS UI... 😭,8
hendrfbc19a,mw kuliah dmn pun yg penting ADAB !!!,12
usersearchyou,adab lebih penting daripada ilmu.,10
kinsesso,kampus ini lagi,23
anak_dino1,miris banget🥺,12
gkpernhfyp0,sekelas fh ui…,28
seraphi__m,nih kampus sering banget ada masalah,9
vthvr30,tinggal kuliah baik² aja loh di UI🥺 ada banyak yg cita² kuliah disana tapi ga kesampaian🥺,11
ira_sianturi09,"[Sticker] kacaauu""",11
lesyeux_derosiee,[Sticker] reaksi gua pas baca twitt nyaa,81
nrdaa12,ada live ny barusan,7
31199450249,UI banyak bgt kasusnya 😭,11
silvaatns,Ui lgi wkwkwk,7
monvzw,UI ANJIR?,19
cipicapadabadubi,OH INI YANG LIVE ITU😭😭😭,636
beerussey,nyangka ga lo pada....,70
caica413,"HUKUM LOH, INI HUKUM WEE!!!!",24
demondjunaedi,msh live di tiktok sampai jam 2 malam di Auditorium,24
haecatta,ini mvpnya 😍😍,8
squa00ruby,pantes takdir gua ga masuk ui,23
qilaaaaaaaaaa14,uiuiuiuiuiuiuiui,25
jejaiyy,speechless...,5
whimsicale,sekelas ui u aa,38
dumpfordumbn,"NGL ga cuma ui, di kampus/kota lain juga banyak sebenernya, cuma belum ke up aja. may good things alwys protect good people.",17
cupc4klesc,ui lohh . . .,9
p1k111,live nya lewat di gua tbtb ada penjelasannya disini,12
triana_mr01,mirissss bangettt,31
dandeliians,sakitttt anjj stresssss,6
_gamiella,UI ga bosen kah?,10
yogurtncheese0,takut banget ya allah🥺,9
juliaaahadid,njs bgtt🥺🥺,10
rubbykoo6,"kakak pasti kecewa banget ya kak, mana satu almameter satu jurusan lagi😔😔",13
jab.el,ui lagi ui lagi,6
sdaylight,malu maluin sumpah,15
pann200211,[Sticker] 'fakultas ui' top one loh,13
guzman38910,UIIIIIIII,11
nobodyelseknowmee,lagi live tuh jam segini 01.43,13
nshliand,fakultas hukum?SEKALI LAGI FAKULTAS HUKUM?,12
koimasaquatic,jgn cm DO. Proses hukum jg.,12
celesvyn,your future lawyer btw…,5
fira.tiramisu.cak,UI lo UI😔,14
ooriii.ebot39,baru selesai liat live mereka di auditorium dari pihak fakultas katanya proses besok di mulai tapi blom dibilangin mau di DO atau gaknya kak mereka,6
duckkiedss,UI LAGI,8
arahilangkemana,ihh padahall ui tuh univ terkenal lohh,46
quuuokka,"banyak banget yang kaya gitu, di negeri atau swasta banyak, cuma mungkin belum ke up aja. makasih dammm, udah menyuarakan ini juga, kamu emang layak di akui tampan, pemberani, dan berprestasi.",10
youthjenyiee,fakultas hukum:(,12
makanyukk,Ui looooh ini Ui ???????????,6
msdnialia,brusan lwt live ny td,10
darchivesd,padahal fakultas hukum loh😿,7
abdankamila,Bukan dimana kamu belajar tapi bagaimana kamu belajar,6
seaaflow,that's why pendidikan itu harus berdampingan dengan etika,11
ze4_28,Padahal fh ui loh...,11
hasnosphere,hah kaget banyak bener,12
ladushink.prindavan,FH UI sekarang lagi live anjir,5
angll143,lagi disidang guys,318
ylnd010,aku baca chat mereka astaghfirullah astaghfirullah ishhh ketikannya 😭😭😭,1115
xyz123.com2,di atas vt ini masih live di jam 3 pagii,16
aefawls,speechlessssssss gw baca twit nya,52
sukasyon,Tidak pantas,13
yura_912124,loh bnyk yg live hari ini apakah soal kasus ini ? 😭😭,13
alphafoue,ayah ini arahnya kemana,14
adpjung,Jir kaya series nanno the reset itu kenyataan jirssss😭,7
sakmydik5,"ini yang ke publish, yang ga ke publish lebih banyakk",18
nin_dut7,ui? UI? yaampun,19
fransina250,[Sticker] tidak apaaaaa!!!,7
kayyenaaaaa,penasaran siapa yang cepuin,10
pwettypie_o,angkatan 23 tapi boros bgt,9
priydpsal,Ini aja yg kepublish…,5
keyyist,livenya lag lag smua sihh💔💔,7
nzhaaul,sakitttt bgttttt,9
andrestar11,SEKELAS UI? 😳,5
suka2gue28,adab harus lebih tinggi dari ilmu...,10
ptnitaagstia._,@🌵:pendidikan harus berdampingan sama etika,15
udzz5tec,[Sticker] fakultas+univ impian gw lagi,7
iniulpiiii,stressssss,8
rekomendasibymi,Skrg lagi live,10
zila_khanza,adab lebih baik dari pada ilmu 🥺,11
anticoremlbb2,"pelajaran buat kita jika nanti jadi orang tua, sebisa mungkin kasih makan anak dari rezeki yg Halal ya🥰🥰",20
yourboymaxy,"keknya banyak deh di hukum kampus lain, ga UI doang",14
bangjow29,[Sticker] ternyata bener yaa pendidikan tidak menentukan pola pikir manusia,5
rannotshrt,barusan di atas ada live sidangnya,9
inisafinaaa,"kaget banget, mana kampus gede lagi.. 😭",12
atingggwascryyy,malem ini banyak yg live mereka lagi klarif,7
anyholeworld,"ini yang baru kepublis, belum yg lain",12
hiinimeyyaa,univ top 1 loh bjir,17
meydinaaa03,"aku sbg anak hukum ngerasa jijik dan marah bgt liat kasus ini, poor my lady❤️❤️🥺",14
xubaci_11,[Sticker] lahhh lagi?,8
bubuzion,oooo rupanya kasus ini yg daritadi banyak live berseliweran,8
esguddeyy,barusaan liat live nyaa,3
hypranakyanto,live nya seru co,7
zeggy_,"kampus gw, mirisssssss",3
lotusnotbiscoff,STRESS,13
poyoyoii163,sakit benerrrr,3
zhraaiiaa,miriss bangett,12
jualanembakdee,"Gak jamin seseorang itu sekolah atau kuliah di mana, semua tergantung pribadi masing2.
ADAB LEBIH TINGGI DARIPADA ILMU!",14
claudesah5,ui lagi,21
adorbileb,padahal anak hukum 😔😔,6
zlntut,padhaal uii kampus impian gua bgtt,18
julianansaaa_,malu maluin,9
crumbl0.ve,lgsg ke triggered huft 💔,4
miantmb12,abang ini lewat pas pulak live,6
kantjengratu,akhirnya masuk tiktok jg wkwk,13
nadafiiii,"maaf ya utk para korban, gabisa repost atau pun nge up kasus ini ... jujur ketrigger parah setiap liat postingan kaya gini :(",21
frdiiii20,wtf ui lohhh,15
faddyyaa,stress,5
stefaniimarieee,ui loh... huft,16
userrrrrrrrrr_223,sakit bgtt sumpaaah.,8
agiloctav,malu bgt sebagai alumni,6
cwiesss,hedeh ui lagi ui lagi,7
syaaw3,jadi masuk ui ga yaa?😔💔,6
binijaehyun111,pantes jam segini rame bgt di fakultas itu live,3
lieee.___,lagi live guysssss,11
ed245263,"provikasi sekali mas, kalem mas emosional gitu",6
fucckj_,pentingnya memberi nafkah anak dgn duit halal,10
cipapp,paling bnr di ut,40
rm_why.rmdn2,[Sticker] UNIV TOP 1 ?,5
hanip_nieh,"barusan liat yg lagi live sidang nya, rame jir yg nonton di tiktok 99 ribu org jir 🗿",14
polatturkiye314,eh btw ada yg live juga serius dah,9
parkrerr,jadi ragu mau masuk ui.. 😭,40
ezexetly,"ga semua univ, tapi pasti ada aja",12
ccaakkwee,stress sumpah stress,7
vanillathunder__,ADAB DIATAS SEGALANYA 🙏🏽,7
pondphuwinonlyna27,"ya ampun..
mana fakultas hukum lagi..😔😔",12
telorkesyap,yaAllah padahal mau bgt UI tapi jadi takut,19
sweetflowerrr_,miriss,10
apcb_kocak,miris bgt,15
massmu0877,"LAGI RAME BANG, SEKARANG LAGI LIVE , CARI AJA",5
liaa.miww,@ᥴey 𐙚:ternyata bener yaa pendidikan tidak menentukan pola pikir manusia..,16
desccathv,@🌵: pendidikan harus berdampingan sama etika,3
jalanyuksal,MIRIS BGT SUMPAAAAHHH!!!! 😭😭😭😭😭,5
atika.putri576,Haha live nya di bawah bgt lagi😂,5
vnesssa_,jujur miris banget,5
youdontknowmeeee096,@🌵:pendidikan harus berdampingan sama etika,5
andeeeee03,lg nntnin live sidang terbukanya 😭,84
seprinapinka,"UI loh woi UI, mana FH lagi",6
usernameadrrr,sakit njir isi chatnya,17
blluckycl0verrr,sekarang lagi live sidang,36
mishalulla,LAGI LIVE KLARIF GUYS,25
denatalia.lestari,Sekelas UI ketikannya kaya gitu? Sakit banget!,9
hadehaduh_,[Sticker] calon” lawyer kita dawg 😔😔😔,7
yummthings,kak denger-denger beberapa dosen di sana juga jadi topik di grup mereka :C,11
hanbee_07,UI makin kesini gmna ya ...,16
breathtaking11,banyak kok bahkan org yg kerja di instansi hukum gangerti hukum,11
_tikamel,"ngeri"" ya ketikannya🥹",7
sukamiloenak,kak makasih sudah speak up<33,11
elzidhanfs,kampus top 1 itu lagi...,9
dairyylouv,oh inii kasus nya soalnya lewat di fyp gila sih parah bgt anjir,7
aisyahtwd,UI FAKULTAS HUKUM 😭,9
nyrzz_267,lama banget di live yg 14 gamau turun,13
thinkaboutblueee,10 menit lalu gua masih spam komen di live nya😭,6
itsmidyhm,Yaa ampuunn.. barusan lewat ada yg lagi live.. caption nya FH UI.. ku pikir ada apa kok tengah malam gini rame bgt.. nggk taunya ini toh ?? 😲😲,12
linaaauliasari0,jujur mkin mikir lgi.. kecewa bgt,11
bushyhairboimalcolm,look at my future lawyers dawg im dead 😭,6
ignasiafani,"miris sekali, pen nangis buat mahasiswa sekarang 😭",6
ilhamteoka__,[Sticker] untung aku ui pake n,67
pwrettsmoon,"[Sticker] sekarang lagi live, tapi tapi tapi udah tau lah yahh",20
a2683_71,sumpah ini dari kmrn UI terus yang bermasalah 😭,4
vlacns.8,[Sticker] masalah yg akseyna juga msh blm ada kelanjutan,8
manasaia_tau,"ga hanya mahasiswinya dilechkn tp dosen nya juga,sedih bgt",7
yzxsbj,eh ini yang di live ya?,19
kmstayk_,ohhhh ini yang dibahas di live,6
iyee.terserah,pas bgt lgi live,9
quenncengengg,d setiap fakultas pasti ada aja masalahnya 😭😭,6
hithree30,wah sialan si,6
alamajang,Dam makasih yaaa udah selalu ikut campur dan selalu membela perempuan🙏🏾😭🫰🏾,9
lalalslslas,tadi ada yng live,10
m__4rcos,ah kampus ini lagi...,8
ridooaja15,agak kaget si,5
ichachachu,"huhu fh, di ui lagii :(",7
liralngga_,syok bgt baca chat nya,11
sant111sn,hadeuhh malu maluin,5
k3nnethh._kn,ui lho yaa...,6
csyolaa,STRESS BGT YAALLAHH,10
sukahindia2,sekelas ui ternyata gitu💔,4
co0kies_cr,"[Sticker] bye UI, welcome STAN",7
v1bao,"eh ini kasusnya ada sidangnya ya? tadi gua buka x tulisannya ""sidang fk ui"" gua kira mksdnya lg sidang skripsi😭 lgsg gua skip td soalnya sibuk",17
lidiaayu4,malu pls...,7
x27409,sekelas PSIKOLOG juga ada kaya gitu bang,7
tellokbelluknyilocetak,kayak gitumah banyak cuma gak ke publish aja🗿,6
adadehhh__000,sekelas ui?uiiiii????????,8
cloudchees,mirisss,6
_apacoba10,padahal ui loh...,7
americano_latte_,liat live streaming nya jam 2 belum kelar😭,7
ishowthan,"fh ui, sekelas FH UI, broo..",11
kevin_ardynsh6,lagi live nohhh kak klariv wkwkwk,9
princerzkiii15,ui lagi ui lagi,4
aditkuyaa,ett senior nya sampe speak up ini,11
iputuwiradana,hadeh ui,3
fannytoruu,[Sticker] kampus ini lg,5
aidha382,"""ini yg baru ke publish"" 😌",7
avcgjsa,miriss,7
akupacarmingyuuuuu,kirain tadi live apa sampe jam sgini ga pulang pulang😭😭😭,3
duwihnv,baru selesai nonton livenya😭,8
apanih1,"itu lg live, lg di adain FORUM",7
zluerra,pls hukum loh... ih parah bangett,18
n_boost,kenapa kampus yg top kalo ada masalah ga pernah turun ranknya🫪🫩,8
nadzlaadr,ini ui mana ya? depok?,6
tiptaptoexixixi,DO ga sih,9
saharaaa6666,gk jdi ke ui dehh tktt😭,5
aishaaayp,SEKELASSSS UIIIIIIIIIIIIIII😭😭😭😭😭😭😭,7
twllllllllllllllll,kacau bgt,6
nydaahsnh,dag dig dug ngebaca nya 😭,10
yoeshikuy,hadehh😭 ngak ngerti lagi deh sama pikiran orang orang😭,10
qiyaaaaaaaa_4,ui kok bnyk kasus gitu si😌,6
kenzlerrsosis,"""kita kuliah nih kalian kan engga"", dammmnnnnnn",7
f.aryatama,Sekelas ui begini masya allah,4
rocv005,liat live klarif nya pusing anjjr,5
masbhakti,pengalihan isu apa ya,3
charybdiess,"Di atas ini ada livenya yang lagi klarif, ternyata ini penjelasan masalahnya🙂",4
inerrazurri6,belajar hukum untuk tidak kena hukum,6
rrazhee,kadang mikirnya overrated juga si ahahha,4
user29272357193,@ayudelih_:sekelas ui...,5
yokasetti_milala,"UI?
Sekelas UI lohhh",6
chuantik.bbyru,kok kalian kaget sama univ yang banyak scandal ini? 😳,5
cxnaailv2,UPP,12
val_13_sawit,"bnyak yng bilang "" masih banyak lagi, ytta "", itu bener ga sih?",17
notyourhbibty,ZIZIQQQQQQ😭,5
sysyxxa_,UI lagi ui lagi,6
hamjxidvey,"@gergeousleopard:sebagai calon hakim yang amanah dan bertanggung jawab di masa depan, aku marah banget sih",12
addheatchia,setres,5
bebyaqsa,Bukan cmn mahasiswa tpi dosennya jg ada dan tetap di terima di pendidikan. Miris,7
hayoakusiapahah,sebenernya banyak ga cuma di ui cuma ga terekspos aja :(,5
matchaasscca,sekelas ui and fh...,5
dewifrtnaaa_,ga ada ujungnya wey nonton dr mlm smpe jam 3 pagi maaf”doang 😭,8
itam186,"ui itu lagi, jadi takut masuk ui, kalok bisa masuk sih😅",6
2425.78,@Dqieee:ahahaha udahlah guys UI gak seindah itu,11
rapliigg,INI FH KNP BNYK BERMASALAH BGT YA,5
wiorakuu,"""ini yang ke publish doang"" 😏",3
arsydendf,fh ui btw UI,9
dep_39,jirr Fakultas Hukum cuyy 😳,5
5a5a5a4,tidak ada yang bisa merubah manusia kecuali manusia itu sendiri,5
wkanabhakalan,membuat nama ui jelek jir 😭😭,8
rahmatghomrowijr,"gw kira live anak ui tadi malam boongan, ternyata.beneran cuyy,gw ngira nya lagi matkul hukum kan",11
lluv_smile,pentingnya adab,9
arsyashop28,oh ini yg live smlm ya,5
errazuya,ini lagi live mereka😭,47
ilty_nini,up up up,9
kylasprly,untung aku ui pake p tengahnya,10
gibrorrr4,[Sticker] T- tapi gw gk mau ikut campur,9
sftrdwsyn,UI? UI LOHH,6
bagusalvin8,"banyakk, beruntung aja sekarang udah ada media sosial 🥺",6
eolayl,kating gw jg gini cm bedanya ga viral aja wkwkw,31
imyourbbel,katanya juga banyak bgt filenya cm ga ke publish aja,14
asidiqk57,"aduh ui, pdhal ter the best",5
sineverlandd_,yang bikin bingung ini ketauannya gimana,17
ftm.ah,kaaa ga hanya di ui 😭,5
pinkieessss.jpg,bukan ui doang ini pasti di uni lain pasti banyak,6
chenlin_00,ohh..jadi ui gitu juga yah🙂,5
dididada281,ui adaaa aja problem nya 😭😭😭,6
aulrhmdniiiii,yaampun miriss bgtt:(,4
girl0000335,anjir apaan dah😭😭,5
bbylily_0,UI mana fakultas HUKUM lagi 😭,4
syhll__,"@ᥴey 𐙚:ternyata bener yaa pendidikan tidak menentukan pola pikir manusia..
@🌵:pendidikan harus berdampingan sama etika",6
izrot,"Setiap ada kasus lalu ditangani dengan serius , transparan dan sebagaimana mestinya maka lembaga yg bersangkutan akan tetap kredibel , sebaliknya…karena penanganan kasus yg tepat bagian dari pendidikan yang tepat",7
k.rvvvvvvvvvv,kepo bgt yg nyebar chat2 nya siapa ya,242
yepaa_06,ini kenapa ketinggalan bgt...,65
eilyyn._,"kmrn ugm, skrg ui, bsok aplgi??💔",27
rasya123www,ini kasus apa ya kak?sorry oot😅,10
nrmuttt22,"baru aja tadi lewat livenya, kirain apa ternyata kasus fh ui😕",12
waffertango1,ini yg interupsi itu bukan si 🗿.....,5
arteriolaaferen,@‼️:fakultas hukum loh :(,4
wheresdinn_,"Belajar hukum, biar apa?",3
cahyaaacy,MALU MALU ADUHHH,6
baduttttzzzzz,UI ada aja kasusnya tiap tahun😭,3
un.laut_,"sebelum masuk kerja aja gini, pagi pas kerja nanti, jangan deh ya😭🙏",5
cllwddd,univ & fakultas impian ak……….,7
kuacibas1,jangankan mahasiswa nya dosennya juga ada cuman belum ke publish ajah,3
sprmsvblckhole,cuma kata kata doang ?,4
siapahdia_,sebenernya banyak bukan fh aja kayanya,7
dchocopie,Univ ini lagi 😩,4
buffaloos,untuk aku ui (untag indah),4
mbimbang,bener kan ui overrated,4
strawberrytobelii,"kampus lain juga banyak sebenernya, cuma yang ke up ui",6
cae_lum2,bahas tentang bullying di SMAN Bekasi bang,5
miuciaaaa,hahaha upssss,2
sintaamanjalita,seriusan UI? jir kuliah nya tempat bpk gue dulu kok jadi gini skrng?,3
ried.velvet,"Ketikannya, behhhh stressss semua",0
butterfllyyy48,kok bisa kesebar isi chatnya ya. aku nanya doang. maaf,4
dimasanjaybgt,apakah posisi ui akan terganti???,2
red.ram57,ui ui ui,4
rimamozza5,miris banget😳,2
user3575617968232,"kalo misal mereka di DO / dikeluarkan dari kampus, apakah mereka memenuhi syarat untuk dikenakan sanksi DO ???",2
masb4i,oops ui lo ini,2
d44_scd,[Sticker] sekelas FH🥺,2
pipisukakopii,"kampusnya ngasih sanksi apa ya kira""?",4
lililala_31,fakultas sama univ impian gw:(,4
iamthenextlevell,akhirnya di up di tiktok,4
ggggggggggfffff_,gua sama temen aja masih bingung mau ban hero apa,4
rose_gold_82,pinter bkn berarti jaminan orang itu Bener lho ya,4
isnawath59,miris banget,4
ini.zar,Serius itu kampus terbaik?,5
gyuu.eterny,pasti banyak kasus yang belum di pub,4
snapplezzzz,"Ui dah error sistemnya saat talent scouting terus malah ini, ui gmn sih 😭",6
ardy.thirty,hdehhh sagapunggg bgttt🗿,7
drunkeu,duhh,1
bimo.azhar,UI ??????,0
bilah27_,se7,0
y0owaa,UPPPP,0
4ndstlly__,miris,0
nur_latifhhh,sekelas UI,0
enong.lenii,"Astaghfirullah 😭
Miris ,,,,,,",2
hutajulu_p,ui lagi ui lagi,0
uswakhasa4,tapi barusan liat di google gada yg masuk kriteria masuk DO ? adakah yg bisa ngasi tau maaf,0
ifhafatimah3,seserem inikah dunia..,0
mamaojes,Konohaaaaa buat nagis teruss😭😭😭😭,0
rivalputrapetir,knapa ga gw aja ya yng masuk ui🙂‍↕️,0
i.amrastamann,IPK cumlaude adalah bukti disiplin berfikir bukan tiket wajib menjadi PNS .ilmu lahir untuk mengabdi bukan di kurung pada satu status,1
gad12_3,ad u di balik b tentang kasus ui,1
musyafak_kungkingkang,meme ketika group chat pertemanan kesebar jadi nyata wkwkwkwk😂😂😂,1
livisyaa_s,miris bnget jaman sekarang,4
soyjoyasoyyy,sedih banget jujur💔,1
yeye_iro,sampai merinding loh!,1
callmeic444,tidak fantas,5
tcaaanb,our future lawyers btw 👏🏻,7
papipul11,[Sticker] ,1
alpiand_o,[Sticker] ,0
gaga736_,[Sticker] ,0
shaacyshy,fh? ui....,0
.xau18,sakit.,0
dahayuisaura,[Sticker] ,0
pethamid,Waduuuuhhhhh,1
scorpio._.000,kronologi nya gimana?,0
arebo3412,proses hukum kak jangan hanya di DO saja,0
noviascr,UI loh ini😳,0
gerladioo,alamak,0
cicilia.c,sakitttt,0
mey.and0,sakit semua plis,0
souwonchi22,makin males denger nama fakultas,0
username7711778,Gimik ini,0
zeraalw,UI loh padahal?,12
shelucky8,Belajar Hukum tp ga tau tindakanya 🙄,5
bootol_kecapp,"kak makasih ya, sudah selalu speak up tiap ada kasus pelecahan, aku sbagai cewk gak pernnah ngerasa aman tiap keluar rumah",5
babyoceann,malu malu,6
nurmukhlis728,ouh ini univ yg kata orang masuknya susah banget ya,5
aayyyrrnnn,"kampus itu lagi, pdahal itu kampus impian gw😔",3
kristinads0,nyangka ga lo pada?,39
darrelcute3,"ui?, udah bener nih guweh unpad 🥰",8
self.joy,di akun linaa lagi live tu bg,3
cariapaa.92,SEKELAS UI?!!,3
martabakcoklate,"padahal fakultas HUKUM , ui pula",2
muhamad.ardiansyah125,hmm univ ini lg,3
bintanghebat_,sakit semua orang itu,4
chocoolattee88,tetap aja UI number one,1
anaazis41,baru lewat tadi,0
nnrsyy_,,19
chfas_singga,Sampe malam aku ngikutin ini,18
lamsss27_,"Sebenernya banyak yg ky bgini, cm ga viral aja 😭",5
itsrd777,"[Sticker] Udh FH, UI lg",13
yourdaix,calon² penegak hukum d indo begini🙂,11
madaher.a,"udah hukum, UI LAGI...",9
applepien_.s,[Sticker] ,5
seblakbocii,"ini baru yg ketahuan,, apa kabar yg ga ketahuan. sakit siih😭😭",11
fiiyaya_,fakultas hukum loh..,10
...tij0,adeh ui lagi,3
maikel17063,Gue nonton livenya smpe subuh😂,3
lav.ie.ed,bukan cuma itu aja sih kyknya,3
michiinat,akreditas turun gak sii klu beginii .. bjir bgtt pdhl negri,3
hyrepi,UI? Oh udah biasa ga heran,3
tuanmudaxhere,alasan saya ga kuliah di UI,3
tdkadaorg0_,dari 16 orang pelaku yg ngadep cuman 2 orang😓👎,3
dzulfikiriabi,padahal ui katanya universitas top,3
cungpretgenduy,tadi malem hbs streamingg,3
mamimaumakan,pendidikan akademis yang baik dan ternama sekalipun gk menjamin baik dan benarnya karakter dan pola pikir 🤔,3
nathalichristi,ih Ngerinya lah,3
iniriizzaall,top 1 univ tuh😹,3
dika_ay26,teman-teman BEM UI mana suaranya???,3
vanstolch,"jujur kecewa banget, tapi ga kaget",3
setiamandala__,"Kalau secara hukum ga akan ada satu pasalpun yang bisa menjerat mereka. karena lingkupnya sangat pribadi,group wa. dan tidak ada satu tindakan apapun yang dilakukan oleh mereka,jatohnya mereka hanya ngobrol/sharing/diskusi. dan setiap orang mempunyai hak untuk itu..",3
xsooodraff,UI omgggg UIaaaaaaaUIaaaaaaaUI,3
freakyu_,uintut,3
princess.esti1,[Sticker] etdahh kampus itu lagi dan lagi,3
imgrowup,"CHECK, MY REPOST",3
evosbahlil,ah....kampus itu lagi 🗿,3
faabf,bg sorry tapi masa tiba²mimpiin dirimuu bersama sikadam²ntuhhh😔,3
cinderlaylaa,2023? yaampun dek dek,3
meycattie,nonton live nya baru kelar jam 3subuh😭,3
bielllaak,[Sticker] JIR UI LOHHH???,3
masbhakti,pengalihan isu apa ya,3
pputra.472003,ini masalahnya soal apa si? ngomongin orang di chat kah? terus ada yang ngeshare,3
firmannprnmaa,tadi denger di live katanya ada keponakan dekan fh ui ya?,3
menahandiare,gada cancel culture ui kah,3
akupacarmingyuuuuu,kirain tadi live apa sampe jam sgini ga pulang pulang😭😭😭,3
zeggy_,"kampus gw, mirisssssss",3
mager_ngetik,ada yang live sekarang,3
iputuwiradana,hadeh ui,3
wiorakuu,"""ini yang ke publish doang"" 😏",3
esguddeyy,barusaan liat live nyaa,3
oakznxj,[Sticker] astagfirullah,3
rorojuro55,"masih rame nih live nya btw, lagi klarif meren",2
tiramissyuwww,mirisss bgttt:(,3
binijaehyun111,pantes jam segini rame bgt di fakultas itu live,3
alinnav0,SEKELAS UI😭,3
kairyyy_7,"bisa""nya anjirr🗿 kacauu",3
mojopahit492,BIBIT BIBIT PEMERINTAH 🤣🤣,3
syhr.al,FAKULTASS HUKUMM IHH??,3
desccathv,@🌵: pendidikan harus berdampingan sama etika,3
muhamad.ardiansyah125,hmm univ ini lg,3
self.joy,di akun linaa lagi live tu bg,3
meesyaaaala,baru aja nonton live sidang nya,3
ccaca1502,sekelas UI?? hukum lagii,3
rellhoww,"UI, FH LAGII.. MIRISS BGT",3
_seraeu,udah ada tuh sidang live nya,3
jasjussvan,"udh gausah masuk ui, biar aku aja fakultas kedokteran😭",3
nanapauu6,@￴ @lunar @Zeniinn_maki @han  🐾,3
ssept1an,belajar hukum buat apaan buset,3
tyanadana,YA ALLAHHHH,3
andrea...s5,sebenarnyaa banyak lagii yg ga ketauan aja wkwwk😝😝😝😝,3
poyoyoii163,sakit benerrrr,3
nafshfa,stress,3
teh.pakai.es,"Lagi di sidang gais, cari livenyaa",3
killedby_y,lagi live tuhh sekarang,3
caaaloneely,padahal fh loh...,3
ginan974,miris😭malu bgt,3
aff__200409,"mrka knp g bersyukur bgt ya? ak yg bljr mati""an buat masuk fh ui liat ini nangis dipojokan woi😔😔",3
xalsayoo,gak kaget soal nya fakultas hukum,3
yourname.sekar,ada aja si ui ui ini 🤗,3
oyaamoy,[Sticker] hu-hukumn,3
mirza_imupss,fakultas hukum lh...,3
jvagf0,@à @na-ioo. 🍅 @𐙚vanessa𐙚 @im_thanzz🎶,3
beigealmond_,"kalo kedepannya pelaku jadi firma hukum, aneh sih",3
shalisaaa_10,Dulu kak Saddam kuliah dmn deh? Pinter bngt omgggg,3
kucingberak74,ui lagi ui lagi mending turunin aja peringkat ui 🗿,3
ashaa2202,"[Sticker] @gergeousleopard:sebagai calon hakim yang amanah dan bertanggung jawab di masa depan, aku marah banget sih",3
redhibiscusd,demi Allah sakit bgt baca chat mereka..,3
kzetrum,hahahaha ngakak jirrr UI tuh bgtuu?,3
ratuuchv,"padahal banyak bgt yg mau di posisi mereka, kuliah di univ fav dan masuk fh tapi kenapa mereka yg udah ada di posisi itu malah buat masa depan nya sia-sia😔😔😔",3
antikkkkkkkkkkkkkkkkkk,Stressss stressss,3
crall_wavy,[Sticker] udah fakultas hukum ui lagi ui loh universitas Indonesia,3
miranameletupppp,UPUP!!!,3
aayyyrrnnn,"kampus itu lagi, pdahal itu kampus impian gw😔",3
st4rryn1ght__,🥺🥺🥺,3
yeye_iro,sampai merinding loh!,1
rimamozza5,miris banget😳,2
miuciaaaa,hahaha upssss,2
d44_scd,[Sticker] sekelas FH🥺,2
enong.lenii,"Astaghfirullah 😭
Miris ,,,,,,",2
masb4i,oops ui lo ini,2
feirnlyy.g,"kakk bahas rumah sakit hasan sadikin jugaa kakk, aku maish bingung sama itu",1
helloiamatrosey,kawal terus sampe di do🙏,2
ponaaa24,yg semalem live ini ya😭,2
_idlan1r,"UI lagi UI lagi, ni kampus bermasalah mulu",2
dr.gysa,PARAHHHHHHHHHHHHH,2
van_teddy,UI AAAA UI AAA UI. UIIIAUIAA AUIAAA AAUUUIIIII,2
prom700,Kak hati2 ya😭,2
amelamel_21,"amit""ihhh",2
nananaiiiiw,jadi takut milih ui..,1
nca_aa_4,"ga beda jauh dari film dear nathan ga si,d ui juga!!",2
yeoja_08,kirain kedepannya bakal lebih baik 😢,2
itsnotbrodi,"alasan saya kenapa gamau kuliah ya gini ada ada aja gebrakan nya, hbs lulus smk mending kerja nyari uang aman dechhh",2
jamaliah280,jaman gue 2009-2012 itu rame Malah #UICANTIK #UIGANTENG . oh dlu pernah ada FIB ... dan ITU DPROSES hukum jg setau gue,2
imiccuwww,"UI, hukum pulak🙂",2
erfnnbl,ngeriii gak sih sekelas UI@im nayl @إلي🎀,2
sani.bae79,live tadi malem,2
afifaharafahjaeshi,Live semalam rame banget pas gw lagi nonton Justin fyp.,2
mmdhane,waduhhhhh,2
userr550524,emng bener adab dlu baru ilmu,2
syedo.25,UI LOO INI UIIII!!!,2
ayy.pwrettiess,namanya jg kampus gede wkwk😭,2
afdansukendar2,seru bet semalem nonton live nya😂,2
asdfgxxxx5,"Ihh gilaaa ga abis pikir, fakultas hukum lohhh😭",2
haninverse,wah ini sih udah parah banget sekelas ui:(,2
sabillnaz,yg bener di depok cuma gundar🏃🏻‍♀️,2
kikikiki4410,[Sticker] kampus ini lagi 🗿,2
morisscntk04,itulah kenapa pendidikan harus di barengkan dengan etika dan moral,2
aysmrnii,ternyata emang bener nya kalo ilmu nggk dibarengi sama adab dan etika nggk jadi apa2.,2
itss.sweetnes_,oo jadi ini yang rame ituu,2
gas___88,"bukan ui tapi hukum ,semua lagak nya kayak orang paling keren di kampus",2
dyyy__21,sekelas UI loh😭,2
createyourbe,"SEKELASS UI.....
INII YANG TERPUBLISH
BAGAIMANA YANG TAK TERPUBLISH???",2
peeliyyy,UI LOHH,2
bbyyyqueennnlinn,kampus ini lagi….,2
dollievuu14,@ִֶ𝜗𝜚. 🐈‍⬛ @knaaa๑ @hynmutik @mrkhyukc @seonghyeon @scapaaa𓆝 𓆟 𓆞,2
arummelati_26,oalaaa ini yg kasusnya live sampai jam 1 dini hari tadi yaaa😭gilaa aku pikir live apa ini UI,2
1ikh4_f4yy01,baru tau plzz,2
sh4tysss,what a same...,2
chikpalm,Bahkan dosenya juga diomongin di group chatnya…,2
yxcmine,gatau deh sumpah,2
yogarns,univ top 1 apa ni?😂,2
jooooooooooooooo96,"logikanya jalan, tapi empatinya retak,",2
yourrrselfffff,uuuuiiiii,2
userrrmly,@ayudelih_:sekelas ui...,2
riznovvv11,seluruh universitas problematik,2
reginaknn,lihat live ga ada keterangan apa2. akhirnya nemu ceritanya disini,2
amyayam_,ngapain sih sampe jam 3 tuh? 😭,2
esjerukpanasdingin_,"[Sticker] katanya semakin tinggi pendidikan semakin terhormat, nyata nya",2
whos.ciaa,konoha emg gaje,2
cindy.april.siman,"kimak lah ada pulak nama ku ""ezra""😭",2
adainajaa_2,ngeri bgt coyyy,2
gorrenganxiety,wtefak,2
nomnoms817,"dari tadi lewat Mulu live nya penasaran banget, untuk ada pria tampan berprestasi ini",2
ysa_dyra,wehh di bawah ini live sidangnya haha,2
49i_4jja,kevin jabatannya apa ya?,2
yoksijae,malah menyalahgunakan pasal,2
aaaasssssh2,lg live tu,2
lunessa_cae,🥺🥺🥺 nangiss ya Allah,2
dimasanjaybgt,apakah posisi ui akan terganti???,2
bijikopipilihananis,adili anis,2
alwaysziz_014,sumph itu sampe pagi berdiri di sidang😭,2
coffeagirl,UI? hukum? defuggggg. jangan di lulusin pls,2
ararchu,pintar ga menjamin adab seseorang,2
fweettyy,h-hukum⁉️,2
pacarjisunggggie,miriss,2
reynnshinn,alesan gue gamau masuk ui,2
zahreianna.emilynf,Sedih bgt jd cewek😢,2
leanamadana,guna nya masuk hukum apa...,2
nrzaaaa15,sekalas UI...,2
whosbulll,"sekelas ui anjir, kalo ga ditanggepi dengan tegas parah sih",2
matchalvvrs_,sekelas UI.....,2
minnielyrithn,gajadilah aku mau masuk fk ui..,2
_eciiiwaee,@icanurhalisa__ @阿尔莎 @p,2
use72513,SKRNG LAGI LIVEE JIRRR,2
kirakkuraninja,ui lagi ui lagi..,2
fawnnling,@kaylaa,2
iputtajaa0,ada apa dengan anak hukum sekarang,2
softbymanda,UI LOH GUYS😳,2
jillejillee,"kak yang ditunjukin cuma 2 orang dari 16 di auditorium hari ini, artinya apa ya?",2
usera4f6906d2t,[Sticker] universitas problematic ini lagi ( jujur kalo ada kesempatan ke ui gw jg mau njrr ),2
ikogibran_pratama,"hukum lohh sekali lagi ""HUKUM"" univ UI lohhh gak bgtt😭😭",2
nadya_srnn,oala oala,2
favorite66_,SEKELASSSS UI BROWWW,2
ilv_moneyy,denger dari universitas indonesia aja kaget lah ini ditambah dari fakultas HUKUM😭😭,2
laaa_0914,@sh @jjhn @a @hiraash!B @laiya pira @ssellyyy_ @uan aja dee,2
asyaa_846,ui lgi bae,2
itzme._girl,Ooh jdi ini toh Kasus nya,2
_zeeshy0,@skanasgor @ucing @Lyaa`友 @̊⋆˚✿🎀𐙚⋆˚,2
danzzz_cuyy,[Sticker] ini alasan aku pengen banget study abroad,2
hryyaniii07,ui menolak redup,2
.ranggaf,tau gitu kuliah di ut aja,2
lobeliaidril,SETRESSS!!!!!!,2
shvnes3,mending gue dah yang kuliah disitu,2
dnmdne0_0,miris bgt..,2
xv.seadanyaa,engga heran ui banyak kok cmn blm ke publis😂,2
martabakcoklate,"padahal fakultas HUKUM , ui pula",2
zzzresvqie,"GILA BGT COKK.. pas liat di x. semoga ditindak lanjuti deh, eh tp klo ada kuasa sm uang emg bisa ya ditindak lanjutin? upssss",2
rynchaken,ui woi ui.. srius ini yg ke publish doang?,2
ahayyuu8,spill isi chattt,2
thereal_el23,serammm..,2
raireu,@qiniii_2️⃣ @￴ ￴ ￴￴ ￴ ￴ ￴ ￴ ￴ ￴￴ ￴  ￴ yaampon,2
shafiraputri886,@nesoyyaa @g @mpaaᶻ 𝘇 𐰁 @14 @𝐧𝐬𝐲𝐰𝐚𝐚 @zee🍓 @888🧿,2
anysstory,"aku juga korban kasus serupa di uns kak, kejadian saat masih mahasiswa tp bukti keungkap saat pelaku dan aku sama2 sudah lulus",2
hasnaaja04,@sheiraaa. lipp,2
lia668620,"udahlah di Fakultas Hukum terus kampus UI lagi, sekali lagi UI",2
purevanilla_wifes,[Sticker] gajadi masuk ui deh..,2
sstt_only,wkwk,2
dhesysizney0311,@yayapretty @🦖. @pina,2
harvest1754,"hadeh.. udh ui fh lagi, FH LOH YA",2
ndnieyy,@ithanajalah @𝒶𝓃𝑔𝑔𝓊𝓃𝓃𝓃🧚🏼‍♀️ @𓆝 𓆟 𓆞 𓆝 @𝖒𝖊𝖐𝖆𝖆 @🦩🪷 @ë @yyeee @dela @kiaaa🧚🏻‍♀️,2
qilsleppy,@a @ოσყყα♡,2
a.alifanay,astagfirulah ya Allah,2
ddeyyaz,@noura @nasmii @CAA @𝓑𝓪𝓰𝓱𝓮𝓪 ✬:₊,2
beadaboobeeee,@sann @~s~ @user0122218931,2
jen_ooyaa23,spam di sini guys,2
auburnorange,yelah paling ditegur doang abis itu lanjut kuliah ongkang angking kek gaada salah :V kan hukum negara ini udh ga ada harapan lagi :V,2
sickkencut,"kampus ini lagi, ini mulu",2
h0neymoondiingriss,uppp,2
papipul11,[Sticker] ,1
jualsoklin,mosok fakuktas,1
kopi_aren_1,Aman ko kalo anak pejabat dan aparat,1
qisszyla4_,"plss awalnya gimana gw gatau, pinter banget bisa sampai bocor juga chat nya itu loh ngerii😭",1
soyjoyasoyyy,sedih banget jujur💔,1
hutajulu_p,ui lagi ui lagi,0
musyafak_kungkingkang,meme ketika group chat pertemanan kesebar jadi nyata wkwkwkwk😂😂😂,1
acaaahrdn,"malu maluin univ top 1, fh pula 😭",1
gad12_3,ad u di balik b tentang kasus ui,1
pinkyypokie3,miriss bgt asli,1
drunkeu,duhh,1
i.amrastamann,IPK cumlaude adalah bukti disiplin berfikir bukan tiket wajib menjadi PNS .ilmu lahir untuk mengabdi bukan di kurung pada satu status,1
intndfh_,naudzubillah min dzalik,1
jullww1,gila gimna hukum Indonesia kedepannya,1
chocoolattee88,tetap aja UI number one,1
pethamid,Waduuuuhhhhh,1
salsaoctvia,ganteng kaga lu pada,1
summersinz,"jelas2 itu yg ngawal juga org2 fakultas hukum, gajelas pada nyalahin fakultasnya",1
perkedel025,benar benar menakutkan😭,1
sagitadeyiayii,"ORANG BERILMU BELUM TENTU BERADAP
TAPI
ORANG BERADAP SUDAH PASTI BERILMU",1
maulandf21,Ui,1
evgroly67,bagi link live nya kk,1
zytt58,ealaah sakittttt😂🤣,1
kooazaaa,Anjayyyy 🤣🤣,1
magaraskarr,Padahal FH UI loh yaampun🥺,1
bgsnfl,semakin lama prosesnya dan ga di DO yaudah bye FHUI namanya rusak😂,1
_masyaaallah,keknya kalo aja dulu gw berani speak up mybe bakal serame ini😂,1
mahesa7791,ini bukan yah,1
masrahman74,ui apalagi fakultas hukum 😳,1
asyaf_47,fiks gw GK jadi masukin ponakan gw ke universitas itu,1
elisaraani,@🦇 nahda @Guessblessed,1
chocopieee029,UI nih sering bgt blundernya,1
keishaaaditya,ui lohh inii!!!,1
_indahsinaga_,@𝒃𝒐𝒓𝒏𝒆𝒏𝒈 ui pdhl gtu y wkwk,1
nraullllllll,SAKITTTT. dengan sadar membawa uu di chatnya,1
maritjemas,kak lu alumni FH UI jga kn😭,1
hasian506,ui akhir akhir ini stress ya rada rada,1
_heypink,fh ui lagi😭..udh hukum disini ancur..ehhh malah tempat nya bgtu,1
df.ynaa,[Sticker] mrka belajar hukum bkn krn pgn negakin keadilan tpi biar mrka bisa nutupin kejahatan yg mrka perbuat dgn mencari celah hukum dri apa yg mrka pelajari,1
neverseemshappybefore,Lagi lagi ui,1
avvvvocadoo,@naw ngeriii,1
alya_zmi,univ itu lagi...,1
hrvinivy,alasan gw ga masuk ui,1
guh_sptra,mencemar nama baik ui aja,1
_iniastrid07,SEKELAS UI LOHHHH🤭🤭,1
sunarti.dwi.julia,"jaman semakin maju,semakin miris jg kelakuan dan pola pikir manusia",1
whosyisss,@sunshine🌼 @salsaaa @Dinonyalaperrr,1
leeluckyyy,dan gak sedikit yg masih beropini kalau ini cuma pembahasan grup tongkrongan doang gak perlu di umbar2 .. aku marah banget 😭😭😭😭,1
kakahmade,"gu yakin banyak si ga di ui doang cmn ga ketawan aja, gua bisa bilang gini karna kadang di kolom komentar orang bisa terang terangan komen yg melecehkan",1
alletaa_199,24jam scroll tetep aja ketinggalan info,1
kimingg4me,@user187352443,1
defaaaaani.zr,awal mula bisa ketauan gimanaaa,1
xxxxlqu,sedih bgt ya jadi perempuan,1
mraseason,gue juga mahasiswa hukum ikutan malu juga njir walaupun kampus gue UI tambahin N😔,1
piggybluesh,UI sm UGM lama2 downgrade ya kualitas mahasiswanya,1
owie.guztavo,[Sticker] ,1
fian_5678,ada yang bisa ceritain awal mulanya kenapa mereka bisa begitu? soalnya baru tau kasusnya jadi gatau apa-apa selain yg di jelasin di vt,1
lurker4040,[Sticker] HUKUM UI? HUKUM? UI?,1
dyputri_0,Sakit sih,1
tatasetobeli,@𝒸𝓎 @viki @kstixxxzzz_ @neva @єη-✯,1
sillywisa69,tip of the iceberg btw,1
kiranapentoll,pantes kemaren tengah malem ada sidang,1
dann.ajah0,Kenapa ga di DO aja kan udah menjelekkan nama ui,1
araaww.23,gw tau kasus ini karna liat ig story indira,1
skykids_0.0,Jangan lupa kita ini tinggal di mana hehe,1
sky_nsa,@bung @aku_nuryen03 @27 @18,1
yusisofiav,"nah ini tanggapan yang tegas, kalau KS bukan kasus yang sepele dan semoga kampus ui bisa bijak untuk menindak pelaku contohnya DO",1
fiqzrt,udah ga heran lagi sama fh ui,1
sendalbolonkazeek,stress,1
14_eunji,"...ambil hukum buat bela sendiri kah kaka kaka ...
inilah pentingnya ADAB dan ILMU harus berdampingan",1
leyunnaa,@liccy @naa🦋,1
thayaea,HUKUMMM?? UI????????,1
allmayr_,malu maluin bgt fhui😭,1
x.raalvvv,fakultas hukum lohh!? HUKUMMM😔😔,1
sinta.trntp,pantas malam tdi rame yg live,1
nnnaom1ee,miris bgt YaAllah 😭,1
zalyaaaaputri,Astagaaa....,1
kitaekimexico,curiga gua banyak yang belum ketahuan juga🗿,1
icinning,@ᥴey 𐙚:ternyata bener yaa pendidikan tidak menentukan pola pikir manusia..,1
lullabyzme,"dan mereka ini calon jaksa, pengacara, hakim di indonesia gaiss",1
_kinesss,sekelas UI ???,0
dimazakmalbayu,santuy,1
noxxx979,ngeri uga,1
zara_sycml,rendah bgt anjir,1
astianisahari,aq nonton livenya dr sore smpe mlm ini jam 2 an msh live di sidang,1
shopiadini581,haduhhh hukum lagi,1
gassssssz_,"lebih baik kampus kecil dan swasta saya, daripada kampus gede banyak masalah.🤣🤣🤣",1
taroannsoes,jahat bgt pls☹️,1
idkliaguess_,HUKUM INDONESIA KENAPA SIH,1
ukiiy5,"univ ini lagi, asik buat masalah aja bah",1
adhis2603,Fakultas itu lagi🥱,1
galang1001_,tadi malem rame banget bang,1
tatatatatattititititutt,"padahal etika harus lebih dulu di ajarkan pas kecil, kalo kaya gini keliatan ga di ajarin etika sama orang tuanya.",1
chnticp,dunia skrng ya Allah banyak bet kasusnya 😭,1
smyashh,"sorry izin tanya, ko bisa kesebar chatnya?",1
pitriuyy,UNIVERSITAS INDONESIA & FAKULTAS HUKUM LOHHH….,1
dyingnonchalantly,"malem"" live ampe pagi njir😭",1
risaprl6,astaghfirullah,1
itsddilaaaa,Sekali lagi “fakultas hukum”,1
rizzclipers,yaa tau lah bapanya pada berkuasa...,1
p4se3p,wkwkwk baru nontn livenya jir,1
hazellnut__,[Sticker] Sekelas Ui lo rwekkk,1
ubuungiee._,"baru kelar nnton live nya, sumpil berisik bgt",1
usernotfound5.5.5,ui univ terbaik?? .......,1
notfunny04,Anjir angkatau 2023,1
meameew,"tadi sempet baca di tl, ternyata engga cuma mahasiswi. kalau ga salah, ada 7 dosen yang jadi korban juga. dosen loh, dosen. yang ngajarin mereka. miris",1
bienestarrr8,lagi dan lagi UI.,1
alterrain88,hayooo siapa yg cepu😹😹,1
vie.jenn3th,miris,1
ninaharun23,heran heraan herraaaannn,1
raihanalhadinata2,"UI lo padalan, miris x",1
leekmarkk,hdehh pdhal lagi masa nya anak sekolah nyari kampusan,1
ryanafarizyy28,gw nyari masalah nya apa ga ketemu dari tadi,1
geminiwave_,gua ketinggalan bgt anjir,1
kikiiskandar6,lah ui mulu perasaan 😭 ada aja astaga,1
user6510500784971,uin juga,1
jangsshit,sekelas UI,1
batirtaaa,sakit,1
mr.bllma,fh unej 23 otw puncak wox @Nrzz @noval @rayy @☃️,1
m1dnightssssss,UP UP UP,1
leeelaaaaa_,ui again?,1
forurdee,univ itu lagi,1
eica2,[Sticker] Fak Hukum loh padahal ya,1
peachypinkk1,"makanya yg masuk hukum tuh bisa ga sih yg bener bener org jujur ya allah, klo calon penegak hukumnya aja gini gmn nasib rakyat selanjutnya😭😭🥺",1
lyscip.s.quell_,"pantesan dari tadi lewat live tiktok tentang sidang² gitu, taunya kasus p.s mana anak hukum lagi pelakunya miris banget.. 💔🥲😭😭",1
raeltzy.sleman,alasan gw males kuliah hukum 😌,1
gaudyblob,this makes me feel ill,1
veylnyynaa,OOH ini yang di x,1
rahmatpirmansah26,😳,1
viiii2804,owh ini live tdi,1
ess_jeruk,bawahnya lagi nge live,1
onyourlilann,parah bgt sihhh,1
yuniyayyy,😳😳😳,1
nnurr_anisa3,itu lagi live sambil klarifikasi,1
marcelrivano21,bodo amat,1
rahhx._,papi papi😹,1
nightblablazzy,mana cuma 2 org lagi yg klarifikasiiii,1
littleprncssss,trnyata pnya peraturan kampus yg strict not bad lahya😭 hidup mahasiswa poltekkes!!!,1
budisyaputra28,aku ketinggalan berita trs😭😭,1
chelletann,RUSAKKK BANGETTT,1
dcbajeng,@caca @H,1
mhaxskyyy,jadi keinget film photocopier,1
librage.me,oh ini pantesan fyp gue live fh lewat terus,1
juiiiptri,baru aja di atas liat live klarifikasi nyaa,1
rosespinkpastel_,lah di atas live klarif nya bang wkwk,1
jianajaemin,"tapi kasus kek gini sebenernya bnyak loh, di tiap kampus pasti ad yang kayak gini, cuma ga ketauan aja",1
waethera,ini nih mmps,1
paizansvw,"nama terkenal gara gara banyak orang yang pinter & kreativitas? atau gara gara kasusnya? ui ni kasusnya banyak banget loh, hampir tiap bulan ada aja kasusnya, wow that's ui",1
yayaaaaaaa130,[Sticker] sanksi tambahan:,1
cutesypaper,ternyata gak seburuk itu gak jadi masuk ui ☺️,1
grancia_a0i,stress bgt anj sekelas ui i a ia uiii a i,1
abelssss10,sakitt.,1
klupklup_20,@ａ @prikitieww @rowrr @Mary @️@𝒍օѵ𝑬𝗋𝗌𝗈𝗇eღ lewat fyp ku teross,1
elonk.mas,kasusnya apa? ngga jelas postingannya apa,1
theoyyaaa,UI ? FAKULTASS HUKUM ? Sekali lagi FAKULTASS HUKUM..🙃,1
sorrowfulreunion15,miris💔,1
windabakhtiar_,fakultas hukum woi wkwkw,1
tanelliaa,"kampus gue adem ayem sehat, tentram damai😭",1
widia4685,ui lagi ui lagi,1
tsyeuu,pie seeeee astaghfirullah,1
ramapengenjadilupi,emang ada hukum di Indonesia? 🗿,1
abcdabcd_4_,NJIR@𐙚 @￶￶,1
rarraascly,@sapilaaa @🍓 @nichie,1
mylodylovespink_,@n @ayam_popzzzzzz ga ngerti lg,1
jichangv,amiet² banget jir,1
alexturnerc,dari UI lagi..,1
p0utyiz,@🌱 @ninn_spekder🕷️🕸️ @mell✨ @💤,1
04id40,gilak sih ini,1
maydi_no0529,aku barusan bgtt liat live nya yang liatt tapi aku baru paham pas liat vid ini,1
aleteyyaaaa,"ui pro bngt, problem",1
ra.reee,Pentingnya pinter juga harus paham etika dan norma,1
when_dont,bukan salah fakultas nya tapi salah oknum nya ges,1
aksara_dharsana_praseta,tuh lagi live di ui,1
natala_1410,"njir gw jg angkatan 23, hukum juga tapi ga sampe situ pikiran gw 😳",1
rayasoupretty,fh ui😞,1
roosseyyy_,baru lewat live sidang nya wkwk,1
sebastianarchive03,[Sticker] lagi lagi UI,1
guagaabee,eh kepencet emot bang maaf,1
gjswagff,"byk wkwk, cuma lg sial ke UI aja",1
kyutbrahh,g asik gk boleh live,1
isamouvingon,seisi isinya problematik hmm,1
1amnotanoption,@nnay SUMPAH.,1
si5mund,damnn,1
sfniizzz_,@barbie and the bear @🕷️ @esecupse @. @arlythaa⭐️ @˚ ⊹faa ୨୧ ִֶָ ִֶָ,1
arda22784,nonton live klarifikasi dimna weh,1
popopotetoo,dgmw tp swasta lebih aman ga sih?,1
zhm_n,miris...,1
nauw1239,udah universitas impian ku mana fakultas hukum juga yg aku pengen edan tenan padahal aku pilih hukum biar bisa menegakkan keadilan😌,1
bbillyya_,@njwa:~),1
user0619972804649728409,ui egen,1
nfrww_,@ᥴey 𐙚:ternyata bener yaa pendidikan tidak menentukan pola pikir manusia..,1
xzsf8,WOI FAKULTAS HUKUMMMMMM WOI😭😭😭,1
planet.marzz_,UP UP UP!,1
vnnqt__,@taaA,1
memeadll,@beeee @نبيلة @￶￶ @asell🍙 ih apaan iniii,1
usnachdr,@cxllmebeurnme @gis.haha @ajaa @amel @miwew,1
sanberrymilk_,@inienai ui lagi ui lagi cuy,1
ndyeii,@‼️:fakultas hukum loh :(,1
ariqanissa,[Sticker] ,1
bebinailart,hah?? ada yg begitu 😭,1
sschyc0,fh loh wkwk,1
azrosblox8,syy bgt dikuliahin kek gitu mending ganti gw aja yg kuliah,1
tearapytea,bener' miris,1
ahngeonho1174,[Sticker] ,1
zkl898,ui bukannya kalo ada uang aman?,1
auliaaaaa_309,@belf🅰️ @ndri,1
ghffri_,belum juga masuk FHUI dah ada masalah💔,1
dil____111,@mie ayam_nasgorr jirr sekelas ui,1
gllgher.girl,@ada deh,1
_nesaam00n_,@vieyo,1
53l_4,@🌲 @Sea @알리파/fa🫜 @￴f @xsyaaa🧚‍♀️ @raaaa @ry. @𝚉𝙴𝙽 @𝚜𝚢𝚊𝚗𝚑𝚒𝚎,0
ayrsell,UI..FH..,1
cberdarah,@jusstrawberry0 @abcdefg,1
mwiamii_,loh loh ga bahaya ta? sekelas ui🫠,1
devlrey,klo ga uin ya ui,1
meowsl_,gilaa...,1
nastardenganwisman,tadi lihat ada yang live sedang sidang mereka,1
deenaaaw,naudzubillahi mindzalik...,1
vany_yp,"@RayshAA di x gua lagi rame, kaget si",1
dumpiniee,fh ui ga cape ya rame mulu?,1
moo00cyy,@buunnn00,1
justcall_meclez4,Fakultas Hukum loh.. :(,1
miegorenggg20,@fr @#LUCA,1
syarawara27,"udh UI, FH lagi miris sekalii",1
hlmiyaaimup,fakultas hukum.,1
llhh11,[Sticker] U-UI SERIUS??MANA FH LAGI.SEKALASS UI!!,1
abasketiga,SUMPA UI?,1
bronieskeispi,@zaraa,1
vlvtr_,"ui, fh lg wkwk",1
cila_0915,hukum loh hukum istighfar bangett gua😭😭,1
etttt1y,@heheokbyey @erphaflam🌸💊,1
chiespiders,@yra,1
pr4nata_15,[Sticker] h-hah ui?,1
naourara.zodylsprincess,"aku lebih muda, masa mereka ga ngerti plchan itu ga baik ?? aku masi kecil aja ngerti..",1
luv.lyall,@♡ @a @d!neccଘ*.✧ @alijaak coy,1
urvictriaa,PLEASE INI BENER BENER PARAH,1
elenna_urlouvee,"ui, hukum lgi :)",1
jienayra,miris.,1
haniiwwiiw,kocak sih kalo ga di DO,1
annaa_on,[Sticker] Hi ganteng💜,1
chitatowlays,@au 🍄 ANJIRR?!FH LOHH KIDSSS??FH!!,1
xciwalterego,@piol @06' @🧼,1
raediego4,jurusan hukum? ui? wtffff,1
vannextry._,untung gak jadi di ui 🗿,1
kancing_bow.ran,udah ada tau yang bocorin dari kemarin-kemarin di x,1
faa_taa.a,sekelas ui terus hukum lagii:(,1
deepbluery,padahal mereka sangat amat sadar 10000%,1
sstaravl,@liyy bjir😭,1
latevanillan_90,bg lu gw dukung,1
harukaaw,@goddamn njir key tingali,1
akupersonimud_,@⋆𐙚₊˚⊹♡,1
_faa248,@☆ﾟ. * ✧ƙιɳα✧ʚɞ❁:･☆ﾟ. * ･ @꒰𐙚ྀི angelyn 𐙚ྀི꒱,1
yuuneedmilk,[Sticker] ,1
zaryrz,untung gw sigma sebagai lelaki,1
tnyx_21,@winda @WB😇,1
zachmtf,"nooo padahal masuk fakultas hukum di ui impian gua, nooooo😭😭😭😭",1
z2124118,@🙇🏻‍♀️,1
lynvrra,@viii @who?? @liy4aa4,1
meicrlktlria_,maluek,1
l0vebiy,"udh Hukum di UI lagi, hdhhhhh",1
leolovers12,UNIVERSITAS TERKENAL ini lagi😌,1
io0i.faa,@. @auraa UI LHO UI,1
jeremydaylian,UI UI uiaa uiaa ui uiiauiauaaiaiuua 😭🙏,1
thvlove5,@raraaw sekelas ui ngeriiiiiii,1
shesomee,kampus itu lagi,1
sakyaa09,ga paham materi ini mah fiks,1
phiytagoras,kak tadi aku baca bahkan dosennya pun kena kak.....gila bgtt,1
kemendirian,miris bgt,1
ralplr,"Lop u bg, selalu speak up",1
user98362668,miris bgt zaman skrg,1
_nrfyzka,yang kek gini ga rame heran deh,1
kw0nshiines,@⃟  ⃟ WOI GIMANA INI WOI,1
hongshicii,ga beres adehh,1
yiiielllee,@rereea,1
_n1_sa,buat apa weh masuk hukum kalo kelakuan gitu😭😭😭,1
arzzh_,@Odading @𝒩 @e @bluew1,1
lilithrafeu,bahkan hukum juga tidak aman untuk perempuan,1
lilithrafeu,bahkan hukum juga tidak aman untuk perempuan,1
iyaaiyaa_30,belajar hukum tapi melanggar hukum?,1
baecacaa,"bener bangett bang, semangat terus",1
seanhensan,akhirnya di up😭😭😭,1
mojitowithberry,don't care...,0
anomali7257,"[Sticker] udh fh, ui lgi",0
wty741,"setress, ui lohhhhhhh",0
let_itbe01,Yang paling memberatkan karena mereka Fakultas Hukum … harus DO sih menurut saya. Mau ga mau DO.,0
cerrytalapessy,fakultas hukum loh itu😔,0
chochocob,"dibutuhkan 5 cewe sebagai staff marketing, penempatan jaksel, yg minat dm ajaaa",0
ninotnot4,@gallźdf,0
_ayuad.6,FH ANJIRRRR,0
nyda430,Gelo,0
11enwmy,"mereka FH UI loh, FH di UI lagi.. harusnya mereka melindungi mengasih rasa aman bukannya menciptakan rasa tidak aman 😭",0
davidbammm,aduh bahaya bgt padahal dari FH,0
raninnnnn_,"Padahal mereka anak hukum loh, yg Shrusnyaaa gk dilakukan anak hukum malah mereka lakukan.",0
devienz17,@I’m over crying!,0
ikbenyura,"ui ui... ga heran lah, kasus akseyna aja dibiarin gt aja",0
piolchips,CUIH,0
mutiaraa_380,Dan cancel di semua perusahaaan juga seh. 😏,0
humairaumay75,😂,0
imas.sunarti05,akhlak lbh utama,0
ifhafatimah3,seserem inikah dunia..,0
snxwdrxp__,@Miaa🐾,0
zaa0621,uinilahi,0
pakdey00,angkatan 2023😂🤣,0
mamaojes,Konohaaaaa buat nagis teruss😭😭😭😭,0
__0202_02,KAWALLLLLL,0
yuleha91,"UI sja yg ke UP tpi PT lain bnyak gtu,satu fakultas tpi membuly dan menjelekkan",0
a_rapiyudinsky,🔥🔥🔥,0
windanda06,pentingnya adab dari pada ilmu karna gak semua yg ber ilmu belum tentu punya adab,0
uswakhasa4,tapi barusan liat di google gada yg masuk kriteria masuk DO ? adakah yg bisa ngasi tau maaf,0
puput729,@langloy,0
4ndstlly__,miris,0
fajrin9781,lebih baik tutup universitas...apalagi banyak yang menganggur dll,0
ziyaku3,ui tercoreng 😡,0
mey.and0,sakit semua plis,0
bilah27_,se7,0
bubble.novaa,HUKUM?! HUKUM?! SEKALI LAGI HUKUM?! UI? WTFFF,0
maoouuooam,untung g kuliah,0
bimo.azhar,UI ??????,0
y0owaa,UPPPP,0
sanniiaaaa__,@cherr gilss,0
rahmaw2324,"HARUS DO, sedih bgt gw denger ini😭",0
nur_latifhhh,sekelas UI,0
ayza0305,@Zaxy diskusi kita si yok,0
mama.ola47,"ketika grup chat di buat,akan ada koment koment pelecahan di tulis,tinggal anggota nya welcome apa tidak,klau anggota welcome,akan di koment secara lebih vulgar,tp klau anggota nya tidak welcome,biasa nya stop koment2 tersebut,..jdi tergantung anggota.....mau lanjut k yg vulgar atw di stop melalui teguran,atw dikeluarin Dari grup..",0
tukangxplore,"gilak sih univ ternama, FH juga
miris bgt",0
gerladioo,alamak,0
monikadp28,Harus di DO,0
ran_wonn,Fakultas hukum tapi ngelanggar hukum,0
parikesit32_,bikin jelek kampus,0
perempuanlibraaa,"sudah mampu diberi kesempatan untuk menimba ilmu diuniv terbaik tp tidak di manfaatkan dgn baik, miris",0
picass000,Bahkan dosennya kena 😭,0
user311080021,UI lagi... UI lagi,0
kevin780306,ngk USA banyak show up .kan ada hukum dan kmpus yg mengiring ke Rana hukum .,0
febri_q1,@토마토🍅,0
arebo3412,proses hukum kak jangan hanya di DO saja,0
cecaaa1406,abis unud trbitlah ui,0
matchalatteeeeeeeeeeeee,ternyata univ terbaik itu belum tentu mencetak orang2 berkualitas malah sebaliknya,0
boru.silalahinabu,intinya knp bisa bocor??,0
calledgan,idih ngeri gilaa😭,0
ayah.jaguur,yg kuliah pada punya keranjang ijo..😁,0
uniqq00,@pyaa,0
xhanyfah,@ramdanijarot24,0
algifariilik,"ui emng, so keras",0
aqilnr_,@nafa,0
alpiand_o,[Sticker] ,0
cicilia.c,sakitttt,0
arleneathaliaa,jujur DO aja itu bare minimum jir.,0
shaacyshy,fh? ui....,0
mrmacroteen,@🐬,0
username7711778,Gimik ini,0
bolabolachocochip,@hanaaa,0
ade.vancouver,"Itu baru mahasiswamya, gimana dosennya, gimana lulusannya, bagaimana hakim dan jaksa penuntutnya.",0
indriyanisfr,YAAASSHHH!!! ORANG SAKIT 💔💔💔,0
helenn_eka,eh buset UI loh memalukan,0
american0l0ver,"sebenernya ga UI doang yg kaya gitu, cuma kebetulan UI aja yg ke up",0
cat_addict7,@miaww @kopiwww,0
rakagitong,"[Sticker] ternayat bener kata orang , Adab lebih tinggi dari ilmu",0
scorpio._.000,kronologi nya gimana?,0
ghsnrafi,@reyskima,0
angin_fajar,Bentar lagi kelar malah di cepetin😂,0
noviascr,UI loh ini😳,0
gaga736_,[Sticker] ,0
souwonchi22,makin males denger nama fakultas,0
humanerror2027,ternyata BSI LEBIH BAIK DARIPADA UI😂,0
muhammaddafarafis,@zdnnhfz,0
dd.v__,"hukum cuyyy,miris",0
anaazis41,baru lewat tadi,0
goodgyrrhfy,gue korban KS rasanya triggering banget ngikutin kasus ini…,0
pisces_1382purpleluv,"Disaat yg lain pengen masuk UI tp yg udah masuk malah begini,apa si yg kalian pikirkan",0
angelaleestell,"[Sticker] Oh, univ ini lagi. Byee",0
mrs.m8912,Cih bukan belajar yg bener.,0
diah_srr,inilah kenapa adab harus lebih tinggi dr pada ilmu,0
mdandialfarizi392,😳😳😳,0
nept2001,Suarakan juga dong soal kakek JUSUF KALA itu.,0
allbyvii,merinding banget @mel,0
aldzilkyrs,"ui berisik, gak soal demo nambah lagi ini kasus.",0
.xau18,sakit.,0
y_bel0,@naylaraiaa kakk 😱,0
ali_hakim08,mungkin dlu jga penegak hukum sekarang sama aja cmn ngk nampak 🗿,0
syazwanisaufi19,"Student law sudah tu ah, sadang2 eh",0
apasiigjelss,😳😳😳,0
dahayuisaura,[Sticker] ,0
yo_ndak_tau.11,aku jg tau meskipun kami bukan ank hukum tpi kami tau kok yg kaek gini bukan di ui aja.ngk kepergok aja oknum nya😁.,0
deladelodel,"dunia sudah tua, hampir setiap hari berita tentang pelecehan sexual entah itu dari yg muda sampe tua. semoga kita dan anak cucu kita semua dijauhkan dari hal"" tsb. aamiiin.",0
tiramisyuu221,ui y wak,0
wulanardiansyah3,Berilmu saja tidak cukup kalau tidak beradab.,0
lolot8883,"gitu susah iya masuk ui loh 😭
kok agak lain mahasiswa fakultas hukum 😭",0
davearyza,😂😂😂,0
hnscece,@al,0
abcdefiaaaaaaaaaaaaa,@winna ⭐ sekelas ui🥲,0
jendeuk1161,bahkan dosennya jg kena🙃,0
rivalputrapetir,knapa ga gw aja ya yng masuk ui🙂‍↕️,0
devirahnia,Pinter2 ngeblenger,0
syarifah92081,FH UI loh,0
quitupai05,kuliah tidak menjamin moral yang baik teryata,0
sunflowerrr181,UI? FH? wow ngeriii bgt😭,0
myflower119,bahkan DO pun belum bisa membayar itu.. s,0
yujiinnn29,ini kalo lulus bisa jadi jaksa kah fh?,0
meidasantikaa,@ILham Zowski,0
ahehemwbsj,[Sticker] YOOOWWWW,0
ejayeyeye,"gue juga pernah jd korban pelecehan di grup whatsapp cowo cowo oon bgitu, jd keselnya kerasa smpe sini😞",0
aybarami,@yp🍖,0
haryatimommyal,hmm...kebayang ga kalo mrk nanti jd penegak hukum..jaksa..hakim dll...,0
cisantiiik,FH UI 😳😳😳,0
pemuda_pemberani2000,praktikum hukum ?😂😂😂,0
s.up___,jijik bgt,0
likalikulakii,itu segerombolan itu ga di DO apa sama UI nya ?,0
layarputihceria,Oh ga heran banyak lawyer yg… isi sendiri deh..,1
user73071068549702,"tapi kenapa ya ui banyak anak pejabat atau anak yang punya kedudukan gituuu, tapi gatau deng aku cuma swasta😁",0
bujurlyntang,mual bgttt,0
gemini_17604,@Libraa_014,0
el1a24,fakultas hukum calon pengacara calon hakim 😭,0
komandanbattalion,"aku scroll scroll belum sampe dalem sih, tapi belum nemu siapa yaaa yang ngebongkar sampe ketahuan isi grubnya.. Bagi jawaban ges",0
afterlike1,Baca nya ada gesek2 nya,0
imoll86,UI(udang ikeju) : peduli apa gw yang penting duit ke kami lanjar,0
annsmj,😁😁😁,0
0seic,@mavi original ngahaha,0
likereallyannoying,"ga cuma ui aja pda dasarnya, yg sejauh ini banyak fakultas hukum di kampus lain jg kek gitu sifatnya",0
masadepanku25,@erka,0
ernaernaernawati2,Betul,0
fidelll11,"ui lho ui
terkenal, ko jdi koyo ngene sieh",0
pesawatkertasss__,"jangan lihat buku hanya dari covernya, ternyata bener, tampangnya kelihatan kayak orang baik"", tapi pikirannya diluar prediksi",0
anandita.aulia92,ternyata benar kata bapak gw kalau pendidikan tidak menentukan pola pikir orang-orang,0
jp_winarta,"Itu ga kena pasal kalau di KUHP. Kalau sy jadi ""pelaku"" sy keluar dari UI. Bikin LP laporan pengurus Bem FH yang melakukan perundingan secara masif diluar ketentuan hukum. FH UI harus nya cerdas dan jgn melanggar hukum. Grup Wa itu privasi dan itu hanya berlaku bagi komunitas nya..",0
bonii441,itu kan yang sering demo,0
risfinurjember,[Sticker] 😭,0
skyy23_5,@gerindra @Gibran Rakabuming @Kementerian Sosial RI @Kementerian Ketenagakerjaan RI @Badan Komunikasi Pemerintah RI @Kompas.com,0
agstina.nna,malu-maluin fakultas hukum aja..,0
lenz.ovalia,Omg UI 🥹,0
ilhambar19,wkwkw,0
_icaeuu,ui loh,1
yansm899118,Waduh apa kabar grup gue,0
siluvblack,Parahhhh,0
diansafitri1520,Paling yg di DO yg ga pny bekingan...,0
rohhitagirsang,tahun kemaren Udayana tahun ini UI nanti kampus PTN mana lagi ?? 🤣🤣,0
lily.rianda,Miris 😭,0
call.mefia,@🦊,0
joshryand,Masih kaget? Liat tuh kasus jaksa kemarin aja begitu. gmn mahasiswa 😭 terlepas dimana ya. Emg udah sakit negara ini.,0
gwend_88,"hukum di indo saya ga percaya
saya lebih percaya hukum sosial dari masyarakat.",0
mardhiyahmega,Pinter IQ belum tentu pinter EQ,0
nabhann24,gmn klo jdi penegak hukum🥲,0
ieyieytiey,@n,0
teratairuby,ini yg kerjaanya demo itu kan😅😅,0
januarioiajjsjasja,wajar gk si hukum diindo itu bsuk??🤣,0
street1121,opo to ki Jane @𝐌 𝟑𝟏 𝐑𝐀,0
ernyanayanti,do... jalan yg bijaksana,0
itzneyza,Alhamdulillah Dr dulu sy ga suka dgn UI,0
dillah_0711,setuju di DO,0
jendelasamalas,FATAL.....,0
mustafid.h,ouh yg mlm tadi yaa,0
kusmayadini,Ui dong,0
coklatchacha24,ku kira kampus anak baik baik,0
lestaarii0,@ir.ra @rzkiaa,0
dayyyana23,Sakjiw,0
kallistaadel686,"tpi hrd terima dari top university ka , mau ada kasus apa juga , yg penting TOP UNIVERSITY",0
nanalterr,:(,0
maloow29,gilaaaaaaaaaaaaaaaaa huft,0
praldero,sebenernya kuliah itu bagus cuma yang seperti ini oknum' yang tidak bagus. mungkin ada kesimpulan lainnya?,0
nviacyi,hadeh,0
prince.fann,😁,0
dandinson16,"Dari awal blm ada yg jelasin pelaku itu melanggar uu apa pasal brp? Kalo pelecehan verbal pelaku melontarkan kata2nya ke pelaku secara langsung seperti cat calling, nah kalo ini kasusnya apa? Ngomongin org dibelakang kan?",0
nuel8480,ga heran,0
this.is_yatim,"UI lagi, keinget kasusnya akseyna",0
glngf21_,lg sagapung bgt,0
namasaya_lalaa,@gerindra,0
mariana.mbl,"Asli malu""in banget sekelas UI loh.",0
dinnnnssssssss,FH LOH FHHHH!,0
hasnaini1973,menjijik kan,0
nitatedja2,kebayang kan kalo mereka sdh lulus dan dan jadi praktisi hukum akan seperti apa🥺,0
sitiaminah839782,😮😮,0
aldnsyhh_31,ini yang mau jadi penerus pejabat,0
helosunflower,@,0
my_akun_gue5,"up komen gue plis
ga cuma di ui di univ lain banyak cuma ga di up aja
yg kayak mereka banyak
stay safe girls",0
90sinmyhead,lelah.,0
utaminingsih8831,black list,0
cimolenaklho,"betul, selain itu kalo kasus ini ga ada hukuman yg berat, bisa jd kedepannya nanti kalo ada kasus yg lebih besar malah hukumannya ga sesuai karna kasus ""kecil"" kek gini aja dianggap sepele sama mereka. disclaimer aku ga mengganggap kasus ini kecil tp kita jg ga bisa menutup mata kan kalo ada kejahatan yg lebih besar lainnya yg hukumannya belum setimpal",0
sempolayamnyam2,emang paling bener hukum UT aja. serba onlen. gakenal teman sekelas.😭😭,0
kalna25_,"Udah ga heran, sebenernya masih banyak yg kaya gini cuma belum kebongkar aja 😂😂",0
veronikaarsitasar,"pelajaran terpenting yg perlu diperhatikan sejak dini adalah pelajaran tata krama etika supaya lulusan generasi muda kita tdk hanya berilmu pendidikan tetapi berIlmu etikanya dan adabnya...pintar bisa masuk Univ Negeri terkenal tapi kalau tdk beradab jatuhnya jadi koruptor,jadi penjahat berkedok orang pintar dan kejahatannya bisa lebih mengerikan...Bapak Menteri Pendidikan tolong dong sistem pendidikan kita diperbaiki dong...jangan hanya woow nilsinya harus rata2 tinggi persaingan tdk sehat jadinya...tapi mental dan adabnya tdk diperhatikan.",0
niniiiiyquuu0,zg sanggup biasa bisanya dong bgtu,0
mywidipy,@dilla,0
hello.tha09,"UI Top 5 besar loh?? bisa² nya ada kasus kyk gini, apa lg jurusan hukum",0
jigoku2chome,wkwk kalian kaget?,0
nb206165,liat sebagian chatnya aja udah merinding apalagi KLO liat semua isinya 🥺,0
elysian_pilgrim,calon presiden calon jaksa ini 😁,0
marmai_12,tutup aja kampusnyaa,0
avv.lvyy,,0
mttluvv,malu ih,0
genzstore25,kemaren UIN sekaranh UI :),0
rellexanj,Dosen ampe dibawa2 gitu loh,0
ispdy,karakter akan diuji ketika berkaitan dgn uang dan kekuasaan/power,0
simin.r24,fakultas hukum loh 😡,0
raradyn2,HUKUM LOH INI HUKUM!!!,0
pgbtdoanggg,ui😂,0
candysweet5550,Ayo kawal sampe di DO,0
bejho_rahayu,"kok bisa bocor chatnya😳...
anak qw lg kuliah lg Dan qw ada di LN ,sumpah miriss bangetttttt dg kasus ini.",0
ra.buns,FH : fakultas harassment,0
vivyppioo,"when ya gw jg sakit bgt bjir sama 2 anak ui,dr fk sama feb...",0
wishingwise,Duh fh ui lagi prasaan kmren2 ada kasusnya yg as blm bresss udh muncul lgi ni yg bru :’,0
usercuties03,"HUKUM LOH, HUKUMMMM, NANGIS BANGET😭",0
1408_222,@mieayam's @virus helmet @Syf🦩,0
ghostata19,fakultas hukum red flag bgt dmn mn,0
aaprlsr,benci bangett😭,0
demonicult_,adab dulu baru pendidikan,0
kimm1_6,@ᥴey 𐙚: ternyata bener yaa pendidikan tidak menentukan pola pikir manusia..,0
xjsnrjmm,real mending binus,0
baayy.uu,si 96 world,0
angeldepe,g pnting,0
user1107200717,yuk masuk gundar,0
mhmdmaskur_,Kampus kuning itu lagi,0
haiiiwawaaa,fakultas hukum tp ga ngerti hukum aneh,0
pundakluhut,miris,0
vinafarra,tindakannya tidak bermoral.....tapi yg jd pertanyaan yg menyebar siapa ya??,0
katalogracunshopee,tau di x,0
alwaysmine100,stress,0
nandaqisthi95,Waduh,0
titlexo,[Sticker] ,0
mwilftea,"semoga dari sini, banyak korban yg berani speak up, mau kamu cowo ataupun cewe, ayo speak up!",0
kaiyazaa,FH??? UI?!!!,0
saepulanwar8238,ada anak pokoci kata y,0
ndaahh_lianti002,Astaghfirullah Bener Madrasah yg Pertama Adalah Keluarga...,0
xxxdye_,baru lewat threads,0
vouzyouve,[Sticker] fakultas hukum,0
muftimzhfr,@Uppss gimana ni dul,0
viliaevani,🥀💔,0
yulisadr8,"Bayangin FH loh,dimasa depan mereka adalah praktisi hukum yang mungkin akan menangani masalah hukum masyarakat dg kasus Ks,sedangkan mereka aja pernah melakukan hal itu😭",0
o_0y.6,Siall,0
thiaminehcl_,Req UHO kendari,0
caraurbae,@mbi,0
ddiiivvvvaaaa,@Wahyu Hidayatullah,0
sahdra.jati,qualitas makin menurun karena sistim ujian masuk yg seperti sekarang,0
roninnn460,katanya beberapa kasus lain ada yg g keungkap ya?,0
user70039181409076,bayangkan mereka nantinya menjadi hakim/jaksa/pengacara 🥺,0
desisk5,"gacuman di perkuliahan loh,jenjang smp aja adaa yang kaya gini .",0
haiko254,😹,0
qdpiee_,kagettt bgt baca beritanya,0
dump.vy,ui tiap tahun ada aja kasus nya,0
gamistory_,"plis ikutin ka, gue ga percaya proses2 yg dibilang bapaknya semalem itulah.. HRS BGT DI DO! HARUS",0
maxsoed,kalo kasus yang univ Budi luhur tuh kasus apa yakk??,0
reoxyde5,"kronologi nya apa toh??
minimal kasih kronologi lah,",0
firaa818_,echa ini korban apa pelaku si msh bngung bgt kasus nya,0
idk.v07,Whats going on guys,0
annontmy74j,"kalo ngomong yg lengkap, pelcehannya kaya gimana? jangan sepotong2 biar org jelas",0
sugarlatteeme_,@blarblarblarrrr 🙏🙏,0
knnderjo00yy,😭,0
aypngstiii,@raditaaa,0
esitayahigus,HUKUM IH😭,0
rhaypurba2007,makanya yg di kedepankan etika daripada pendidikan,0
lumbabiru17,maafin dong kasian mreka,0
hooleesheettt,@starnaa @Runee,0
mitatourguidelicensehpi,Harus diberi sangsi dan diserahkan orgtuanya !,0
realmadridfansindo,"Alhamdulillah gue lulusan UI yg ada ""N"" nya tapi",0
adanamaadarasa0,yaampun mahasisswa,0
martania_zuriyati,"dulu blm kayak gininya 😅😅, kak aku pernah Lo jadi bahan ghibah cowok cowok yg hampir sama kayak kasus ini 🥺🥺🥺.",0
kubil822425,TEBAK GEN ?,0
570ma1,apakah bisa dipidana?,0
nonscript1,"hukum= yang ngebayar di adili, miris",0
saampiss,😁😁😁,0
nonameyouunderstand,😁😁😁,0
agustine1784,ga bisa berkata kata lagi weiii.....,0
tasyah_senja,pantes hukum di Indonesia gak bener....,0
suukajeno,kenapa kebanyakan pelaku ks tuh dr hukum dahh? terus fungsi mereka ambil jurusan hukum tp melakukan ks tuh apa anjay?,0
rhestyiyes,"TADI MALAM NONTON LIVE LAMA, YG DIKELUARKAN PELAKUNYA 2 ORANG DOANG DARI BELASAN 😭",0
pitniayuu,Sekelas UI lohh sangat disayangkan,0
simashine,🥺,0
ana971455,"miris..
semoga kedepannya ranah hukum di Indonesia semakin membaik beserta para tokohnya",0
hi.iniselly,angkatan 23 astagaaa dek dekk,0
ttndwy,kacauu kacauu😭,1
mfdlh25,Kata temen gw kalo ga kuliah nanti susah nyari kerja. Alhamdulillah gw lulusan smk sampe sekarang ga kerja. Tapi bisa main micin di crypto 🗿,0
nadiaidrs_,parah bangettt,0
doesntmttrs,haduhhh bagaimana mau sakses😭,0
lils0ftiess,stress,0
atsumuw,itu lah mengapa ilmu tidak bisa berjalan tanpa ADAB,0
miilla.__,@nvl,0
pitaminccccc,"gila tremor bgt bacanya, mirisss 😔",0
niitnoot76,Org hukum yg ga tau hukum🥺,0
kiyyy_97,kampus problematik,0
berryslock,@Nobody,0
8092920_,"ya namanya juga hukum, mau kerjaan mau mahasiswa nya sama aja",0
anotherversion0fme3,adab dulu baru ilmu,0
sitilteam,Up,0
r.rini6,"benci liat kampus2 kyk bgni, bkn ny prestasi malahhh🥺",0
ananda_pangestu,bayangin klo mereka menangani hukum di negeri ini 😩😭😭😭,0
pudidie_,"isi Twitter aku ini semua di pagi ini, potongan live sidang nya, banyak yg bilang, anak2 ini di backing sama Mami Mami nya",0
maryana9256,semalem rame life sampai jam 2 pagi ...life tiktok kasusnya,0
mabellebre29,Malu malu in FH,0
rievvass,yallah generasi kita masa depam kira huhu,0
cute_pixels6,😏😏😏,0
sambalgoorengkentang,"chatnya aja bahas uu, berarti besok kalo jd lawyer udah biasa mempermainkan uu dong",0
makfuadd,"gmau bawa bawa nama kampus tadinya, CUMA UI LAGI UI LAGI",0
andirahman040,gilaaa.... mengerikan sekali😏,0
putri.hanisya.win5,"aku nonton live nya sampai menjelang subuh njir. harus ""diadili"" dulu memang dihadapan mahasiswa mahasiswi serta korban.",0
marcellusion,@sᴀɴᴅʀɪɴᴀ,0
wiwi802,kuliah tpi ah sudahlah,0
2am.u.and.i,stop normalisasi pelecehan verbal ga senonoh itu yang dianggap cm candaan dan lucu lucuan🙏🏻,0
anggellica26,Pantes banyak orang hukum bad attitude,0
ernilaaa_,"langsung aja DO, kalo ga kelewatan sih",0
jenmagdalena,🙌🙌🙌🙌,0
deviaaart,DO plis,0
aliza_nfs,@ajghysnw_,0
dewi_anggraini93,😁😁😁,0
hy_adlll,"smalem ngikutin live sidang nya sampe jam 1 an lebih, sampe ketiduran, akhir nya gmn woy stlh yg 14 turun???😭",0
omah.kenari.malio,ngrasa patah hati sih lht generasi harapan bangsa spt ini 🥺💔,0
li.ayy,ui lg ui lg,0
mayza0193,UI lagi ...UI lagi ....jurusan Hukum lagi ....weseeeh ...yg katanya univ top 1 ternyataaaa.......,0
kkepiiin,🥰🥰🥰,0
username0msa,n,0
username0msa,@,0
apapundeh0,Ui loh?😭,0
cantikdanwangiii,sick,0
user240203046,"bnr"" brengseeeekkkkk",0
putt_anne,Ini yang ketauan apalagi diluar sana lebih lebih🥲,0
patriciaririn,ini br hukum gmn klo fakultas lain gmn yah?🥺 sekelas hukum aja bs gini gmn yg fak lain? mdh2an ga ada yah,0
orobosu,awkwkwk downfall UI nih😹,0
lesdeuxmagot,sampai dosen pun kena kak.,0
allzii.al,@Dik🅰️🆒  Pye konsep i,0
angel.lil,@Ava @jkyieee @Dita23,0
zet.iann,"ui lagi ui lagi, mana fakultas itu lagi. selain kampus top, kampusnya juga top bgt kalo buat kasus😹",0
nyai_kanjeng_sri,"udah bener, hukum rusak
yg merusak orang hukum sendiri",0
kenamarahmamak,kampus ampas,0
udreammmm,@t,0
_scpbryan,edan,0
tantintunayeayy,nama hukum udah gada harga dirinya bgt😔,0
haamchea,😂😂😂,0
indanawal,triggered,0
fixmyrights,"Pasti bukan gua doang yang b aja kalau denger ""mahasiswa UI"".Menurut pendapat pribadi gue, Selama ini UI mendapat glorifikasi berlebihan aja.",0
khadafisuzuki,"di kampus cwe juga ada tuh kasus lebih parah malah cuma ga viral aja, mau nyebut nama kampusnya takut kena pidana",0
silvianggraini790,Miris.....,0
acun2626,😳,0
firefly.rampage90,sekelas ui loh masa gitu😂,0
ebbybyby2,harus!,0
zali7788ak,ui ui ui ui 🤣🤣🤣🤣,0
moen_53,"Yaaa Allah ... bagaimana ini 🥺🥺🥺🥺, tak boleh lagi di terima kerja di instansi instansi negara ... harus di woro woro ini 🥺🥺🥺",0
gibbeum26,@Ilyase @Dewdepe,0
si_cntkk26,@sifa ♊ @sahmita ⭐ @🧿 @sititiabo09,0
parkdwiceye,🤣,0
manise_31,semalam nonton live nya sampe 3jam 😓 ikut gregetan,0
gaegajul,"selain kampus UI kampus lain juga sama ko, cuma emng nggak ke ekspose aja dan yg ketauan cuma dari mereka aja.",0
wulanzmadeline,justru yang mengenal hukum jadi mudah melanggar,0
garagarahujan,Rame karena ui aja inimah,0
angkasatusampai0__,@botolminum @08_pebriiiiiii @ToppingDunia💫 @Silv,0
febrianwinoto,@Riska Palupi393 @Israa,0
rismayaristi08,😳😳😳,0
jansae50,DEEEEEEEYYYYMMMNNNNNN!!,0
tingkiwingki09_,Shock bgt anjirr😭,0
i7_.72,FH?? UI?? SAKIIIT SIH,0
0oceannflwss,@piyo,0
bumaaastore,tiap tahun ada aja kasusnya memang kampus problematik😂,0
charxmole,nonton live nya dimna?,0
eka2398,haruuuusss... DO,0
baeblue_19,keseeel bgt 😭😭😭😭,0
g4rrr3,[Sticker] ,0
sidipaaaaaaa,VB,0
luluinsg,calon penegak hukum Indonesia🥺,0
moonayangs_,pantes hukum d indo morat marit.,0
proburtaste,ilmu klo ga dibarengin adab ya gini,0
sokzen,Up,0
sokzen,UI ? Wedehel,0
hhsanna,bahkan ada nama dosen wanita🥺,0
kangendoang_,@Amelia Philsi bahas,0
hitowangry,padahal fakultas merah putih fiat jisticia itu keren loh sarjana hukum tapi ada aja orang kaya gini,0
dexmienn,geloo fh lohhh 😳,0
mychemicalerotica,UI lagii UI lagi,0
rahmaudo,"ui problematik ternyata, wajib di beri sanksi",0
boy74963,BEM ui lagii coll🤣nda sepkup,0
meer_shoppu,Orang biasa aja ga se fulgar ini 😳,0
pantara.39,@Kuromi chan fh ui 😭,0
szeyash,@🐾 @🎐 @🐚💤 @isha @🌙 @𝓒ath💭 @rosellyn @rRoOr🫧,0
cheezenoy,SICK BGT,0
sukamatchaja0,@Bosmuda🔥,0
dxxtaa_,sick,0
needlove200,top 1 begini yaa😁. bnyk kasusnya 😬,0
evadamayanti078,gak akan di D O kak karena mereka anak orang kaya atau anak pejabat yg punya Power,0
ghil4l._,😨😨,0
auroramors,PLEASE UTAMAKAN ADAB SEBELUM ILMU,0
validhel,coba UIN 🗿,0
roekdj27,anak2 penjabat smuaa kah?,0
unfortunatecat,@kikywijaya983 @artingwijaya2021,0
bie.dnsy88,Kmn hukum ???,0
neo_0244,,0
mami_sun10,"gimana ni pi? @BAP SITINJAK,S.H.,M.H",0
fairygirlsaa,"pendidikan memang pondasi utama, tapi ilmu tanpa adab gaada guna nya",0
jajasepaa,@v,0
_kiyaakkkkk,@pinaa @nana,0
arianiratna83,astaghfirullah gini amat tinggal di Konoha 😭 blm selesai kasus RSHS sekarang UI yg mana dulu nih yg harus dikawal. sbg netijen banyak amat tugasnya 😭,0
lockoimzz,njir ui loh,0
yoursugarbby666,ahhh kampus ini lagi 😹😹😹,0
pratiwiyaw_,Belum lagi yang egk dii chat aka pas ngumpul pas lebih parahhh,0
immanuelcrizz_22,walahh,0
riyanimu,gila benerrrr,0
hecnhceh,"guys sebenarnya masih banyak banget kasus pelecehan di kampus,tapi ga ke ungkap aja...💔",0
egigilang7,sekelas UI njir,0
huraaa22,[Sticker] ,0
ajengrwp,kalo gak di DO perlu dipertanyakan sih FH UI,0
nannrn_,@v @🍜ᅠ,0
usrnotfund_,hahhhh... astagfirullah,1
siapagw299,UI padahal top seindonesia 😭,0
wkndaru,@𝕬 😹,0
avandradava823,alasan gw ga masuk ui,0
mybsaturn,god....,0
piww.ka,pantesan hukum di indonesia itu..,0
ieuiki._,ada yang ngerasa punya power bisa hancurin karir org upsss,0
hee.101,"kualitas kampusnya oke, kualitas mahasiswanya nol.",0
ushthesix,gausah di lulusin please,0
alaric.hym45,"SERU BGT LIAT SIDANGNYA TDI MLMM, CM 2 YG KETANGKEP",0
super1979_,up trus,0
evaevoy818,"klo sudah begini bgmn dg perasaan orgtuanya? ngga memikirkan orgtua yg banting tulang membiayai dan selalu mendoakan anak anaknya,sbg orgtua sy sangat was-was melihat lingkungan dan pergaulan di kampus apalg UI yg terkenal byk anak org kaya dan pejabat pasti mrk punya circle pertemanan.",0
achalasakowa,💔💔,0
mamihaliza_q,"Ya Allah, sy gemetar banget ... mirus banget. seret & proses hukum sampe tuntas",0
deanzhenn,ternyata ga semua orang yang memiliki ilmu itu baik,0
miloowwhere,GA DI DO PARAH SIH,0
arjina3003,HARUS SI DI DO,0
aciiiy1,calon calon penegak hukum indo💔,0
matchandmeee,@izaaa🍵 @minime,0
berrycup95,SICK BANGETTTT YA ALLAH,0
chocoliloo,[Sticker] HUKUM? UI?,0
observasi,bukan cuma mahasiswi tapi dosen juga 😌 miris,0
audr.eee,FH loh UI lgi,0
chsafeplace._,UPP!!,0
comelmu.uu,bukti nyata ADAB LEBIH TINGGI daripada ILMU,0
waf.vgurl,haha miris,0
cila748,[Sticker] ,0
uwaisallqarani,Kasihan bgt jadi cewe🥺,0
ilovesaluteahjuicy,"""fakultas hukum"" gila.",0
punya_caaaaa,"aku pernah diginiin dam, sama temen Deket yang tiap hari ketemu. emang cari tempat aman sesusah itu🙂",0
god4vaa,@Askelad,0
inimelinn9,Jijik.,0
lu_tuhlont_,mana fakultas nya hukum lagi... ih ga kebayang sieh...,0
tiramisuu.matcha,gilaaa ui,0
pristi589,edan ya...jd pendidikan di kampus terbaik itu menghasilkan apa ?,0
khairiyy_,ternyata banyakk jirr miriss padahal harusnya menegakkan hukum @lidaaaaaa,0
elbyyy0,UI? Ternyata kampus ternama tdk menentukan pola pikirr yg bagus,0
1ts.me.putriii_1,@yaaa ✨ @_Dzz'xrl★,0
tauruss_jpg,"goks, usut di lanjut today stay tune",0
vviowww_,🥰🥰🥰,0
katsuo969,"baru bangun cok,liat beginian",0
inggilestuzijah,gak heran emang ui kebanyakan drama,0
bimapratibhawilasa,fakultas hukum loh🗿,0
junas.tan.pulau,mana BEM UI mingkem,0
natasyabella.sava,KOK GA DI DO SI?,0
user5771887971813,dia knpa,0
anak_mda,"tadi malam liat live sidang nya , jawaban pelaku TEMPLATE SEMUA .",0
mimirrr19,Usutttttt tuntasssssss,0
zheary_n,lagi??..,0
bluredivy,FH UI kalau ga sampe DO berarti perlu di pertanyakan kredibilitasnya,0
member_ultramen,@raaa,0
rajadshop,UI ? waduh....yg danau aja ga kelar malah bikin masalah lg...,0
liabuttrfly,yahdeh UI lagi ☹️,0
rsthsnl,fakultas hukum. bold that.,0
.15.f,up,0
smoothieonloop,@Jadi Gini Le hati hati pilih circle nanti😭,0
wahyusuryawan81,ini bukti adab hrs lbh tinggi dr ilmu,0
flzskyaa_,"bjir FAKULTAS HUKUM UI coo, sekelas UI njir",0
apiw_aj,kampus ternama juga gk menjamin keamanan,0
biscoffcoffe1,ini jg prnh trjdi pas d sma mana yg gtu cowo kelas,0
coffeeeffoc,up,0
zovelux,"sbnrnya hampir smua univ kya gt, tp emg mungkin yg ke up baru ini",0
raaa291101,ui loh...,0
tantintunayeayy,FAKULTAS HUKUM LOH,0
gxsukadurian,oh ya harus… bener ga @mas_al.04,0
elgamal1101,bem ui kok ga koar koar,0
princkei,wah gila,0
trii4070,"bjir,sekelas ui😭??punya kasus juga",0
_cherlynnn,"jujur univ"" tinggi tu psti ada aja mahasiswa yang punya power jd kaya berani aja gitu ngelakuin itu, ga semua univ dan ga semua mahasiswa tp ada",0
dndghost77,"karna chat doang sampe segini
jan sampe dah chat grup gua kesebar 😂",0
mylife.2k20,🔥🔥🔥,0
chika.putryy,☹️💔,0
penyaaaw_,[Sticker] ,0
havefan_2nd,yang gw heran mereka di F H loh,0
wanscraft,"merinding, jijik",0
a.cup.of.teaa,gilaaa,0
wwwkbdge,Miris,0
kikonnichiwa,Ihhh ngerinyee,0
mstoree20,fakultas hukum loh guys kocak bett 🤣,0
d1aaa.n,"sbnrnya bnyk guys kampus-kampus lain kaya gini jg, yg ke publish baru UI aja ini",0
incigniot,Kampus no 1 katanya di Indo malah gini 😂,0
km_gpp_pi26,sekalii lagi HUKUMM GYSSS HUKUMMM,0
b4408rh,ui ui ui ui 🚑,0
cenoniamedina,Jiji bgt,0
hanyamanusiabiasa_zz,😜😜😜,0
stvrlightt916,Gua kira kampus ui tuh kampus elit. Taunya sm aja jirr,0
aicyap4,@Dewangg liat,0
syalaladubidamm,setuju. 🙂‍↕️,0
riwanton.siregar_s.e_s.h,pasti banyak yang akan terseret.. selidiki kasusnya..,0
dardare4,"ngeri banget euyy,kalo dia Ampe lulus..trs kerja di sektor hukum..takutnya hukum dipermainkan oleh para pelaku 😳",0
thunder_hunters0,memalukan universitas hukum!,0
haisa973,nah ternyata ada kasus juga kampus itu...kemarin² komen di kampus lain menjelik kan,0
x00re,full nya disaya 🙏,0
kimnaaa15,"kayanya bukan kali ini saja, psti sblmnya ada juga cmn ga ke publish aja 😳",0
mikewazo.wski,ironis!!!!,0
jasdito,Nangka ga kalian,0
grealish06,[Sticker] ,0
luizenn_,hari hari berita dari UI kenapa sih ini univ dari dulu ada aja kelakuan,0
stobelipait,UP,0
onkladawifi,astaghfirulloh UI,0
imagnolia.ane,kurang kurangin deh echa,0
gputt,ternyata kuliah ga menjamin akhlak seseorangan ya🙏🏻,0
fita8513,"malu""in ui",0
mrmrsgaring_,ahahaha DO? hukuman DO? keknya ngga deh,0
mixuee42,Univ UI??? Skip kuliah disana bahaya,0
kailufsy,bukti kalau adab harus berada diatas ilmu,0
zallskyy01,[Sticker] b-bang?,0
solorient.douvier,[Sticker] ,0
zrlydwitaa,@leo🦁 @ر,0
plkjyrdgywqd,@chaostude,0
tidakadanama_255,sekelas UI anak hukum lg,0
zivahaffazzha,ga malu ya... pdhl hukum...,0
srihanda456,@Mr.Hppns,0
asyifa29911,@aley @pq' @𝗻ò𝗽𝗵𝘆𝘆 @loui,0
tamtam33331,"Calon lawyer indonesia .. anjir mengerikan cuyy ,,",0
yesha09100,@🌸Lill_thv,0
amndrunk,@user2300455889800,0
nyyaaia,heran yg nyalahin univ nya pdhal sifat manusia itu bkn diukur dri dimana dia kuliah,0
annisaaawhn,@deayaea,0
gittrian,10 TAHUN KEMUDIAN BERLALU : TIBA² MAHASISWA YANG KENA SKANDAL/KASUS INI JADI PEJABAT NEGARA 😭,0
rafaelllc,"yahh, dengan ada nya kasus ini makin di larang nih kalo gw mau masuk fh",0
oscarwasis5,[Sticker] ,0
ketikdoank,oh ini kasusnya. Fakultas Hukum kayak begini generasi pakar hukum🤔🤔,0
haznatt_,ui fh tapi plenger,0
kugomuno,Lawak,0
blushfolds,@nisaaaa shock🙂,0
cnnn98,hm ui 😞,0
ur911inhere,"@Tamm ngerii bgt, miriss sayangg🥲",0
bpduguard,UI 😂😂😂,0
yo1kirama,PR UI masih BUANYAKKKKKKKKK😌,0
toris7968,😁😁😁,0
adtyawhyda_,"tergantung ya di do apa ngga,tergantung brp duit nya",0
ufo0i,"teman teman yang lain yang belum ketahuan, semoga cepat sadar, cepat berubah, bahwa apa yang kalian lakukan adalah bentuk daripada pelecehan🙏",0
pinoykioow,insane,0
matt_chaaverss,—𝘯𝘰𝘳𝘢𝘦𝘪𝘪✪,0
iyenafina_,@veyouucity🍜🍤 UI hukum wkwkwk,0
arkoba.3,hasilnya kek Ferry amsari,0
shuyuuuuu1,@saa FH njir,0
musimantv,[Sticker] ,0
sekarepmu341,😳😳😳,0
ratusyy,@% @᥇ⅈ𝕥ꪖ @𝓿𝓪𝓵𝓮𝓷 @syafa,0
dhaafiyah18,Padahal anak hukum,0
zze.vannaa,@je sekelas ui njr,0
_xorainraa,Gilaa gilaa si 😭,0
nisana23nis,makanya masuk PTN harusnya cuma 2 jalur aja snbp dan snbt jadi emang bener bener mahasiswa nya berkualitas ky jaman dulu kan bgt cuma 2 jalur aja kl skrng bnyk bngt jalur nya,0
mydomanic,D.O!!!!,0
bio77865,"uiiii, ui",0
aarenashb,"as a genz, dari awal ga setuju sama yang ngomong ""negara dipimpin genz aja biar bener"", look at these, gada bedanya, belum punya kekuasaan aja begitu 😔",0
itssmedivaa,series thailand yg kmrn kita tonton in real life @.,0
xcrims0n__,our future lawyer guys 💜,0
sehun.99,naidzubillah😭,0
fihaa85,@jejennie huuhh,0
tauruspeoplee_,hukum? mahasiswa hukum? udah mah indonesia begini,0
maolyeah,MAHASISWA FAKULTAS HUKUM UNIVERSITAS INDONESIA…,0
nno_22w,@EL,0
sahaaku93,Rame bgt smlm di sidang pada minta DO,0
properbag,Parah men,0
ndaanrya,"setuju banget, harus ada hukum bagi pelakunya.",0
ninthforee,"sejak 2 hari lalu btw, I really wanna talk abt this to u",0
faza_likevanilla,kok gini 😔😔,0
archonsneznaya,untung belum masuk ke lembaga hukum,0
xporede,@gerindra,0
.skyandsea_____,UI? HUKUM??,0
xtxkkaal,ui gamau kalah sama utm dalam hal kasus😂😂,0
cintamnaura,@puwiiyy🫧🧚🏻‍♀️,0
rakun.biruu,ga heran UI akwoakwo,0
partoruan6,UI dr dlu mah gak heran,0
branden7.27,"yang gua heran, yang gini gini tu banyak dari kampus kampus top 10",0
prettylittlehearteu,wah bisa nih diangkat kasus diskriminasi gender HAM!!!!!,0
boyyee2,selayaknya mahasiswa aja ga sih😭,0
azhariiiiiii_,"aku sbgai alumni ui , miriis..... problem lalu aja blm usai terpecahkan:)",0
siva111193,ADAB LEBIH PENTING DARIPADA BERILMU. SETINGGI-TINGGINYA MENUNTUT ILMU TIADA GUNA BILA DISALAHGUNAKAN UNTUK MERENDAHKAN/MELECEHKAN ORANG LAIN.,0
boqir_,@bro dittt 😬,0
andien915,"ngeri bngt sich skrang sma dunia pndidikan,gk d ini,gk d itu.😏",0
h0oe3r12,gelo sih gelo,0
dunkleseitee,😁😁😁,0
acan6690,"P
grup SMP aman kan",0
keratungpeei,up,0
bot969.0,pantes,0
ngapain.siii,@Pasming Based,0
echteliebee,bahkan sampe ortunya dibahas njir,0
hanifyeuh,PENYAKIT,0
carrageenann,@Pasming Based bikinin JJ nya dong alumni,0
nirnawamtitique,dan masih jdi Top uni number 1 😂 unik sekali ui ini,0
intiirma,Yang tadi malem rame minta maaf bukan sih?,0
yudaa20_,[Sticker] ,0
a161176uthie,UI🤣🤣🤣🤣🤣🤣,0
seomm35,good job beb,0
twuuu_0,🥰🥰🥰,0
mputs215,anjir masih pake LINE😂,0
mujjaahmad_23,kalo ga DO sih parah UI,0
rokofeller24,aduh,0
setyawrdhni,Kak tolong up terus kasus ini biar ga nguap gitu aja,0
bayudharma17,Bem ui mode silent🥰,0
sandex25,"ah, oknum doang itumah, paling dikit.",0
se414244865,pantesan anjirr dari tadi full orang live bahas masalah ini😭😭,0
annanda_putra,Fakta pintar belom tentu beradab 😭,0
meiji7897,[Sticker] ,0
ningroom21,😁😁😁,0
alysxss,@hsnaa,0
puteriratnasari1987,padahal menurut hotman Paris. lulusan hukum skrg banyak yg jadi pengangguran. kok bertingkah ya seolah masa depan pasti cerah,0
irsyddf,[Sticker] ,0
xxxfztf,[Sticker] ui sekarang,0
okyrhrj,banyak banget drama perkuliahan. wkwk.,0
billannr,UI LOH!!!????,0
cinka_cink,@Buni,0
akodeath,makanya ilmu dan adab harus dipelajar bersama,0
mellaniyar,Yg td live yaa,0
iyain.aja859,tyataaaa....😳,0
cimez28,kawal sampai tuntas,0
canddiy,"kasusnya ke up, tapi foto pelaku yg jelas gaada ketutup konten² live",0
syafiraprr,hdeh,0
fluverykiss,ui ini universitas yang dibanggain se indonesia tapi sekalinya ada kasus juga bikin malu se indonesia ya wkwkw,0
pissgorrss,hadeeh,0
another.olv,Td nonton livenya greget bgt,0
askiyahanan,[Sticker] ,0
tiarahtp_,,0
tiarahtp_,,0
lanything__,anjjirrrrrr fhui 😂,0
byelingualbingid,"mana mereka ga cuma melecehkan temen2 mereka doang, dosen pun jadi korban😭😭😭 bikin murka bgt",0
ruwvaa,[Sticker] anjir,0
ardiansyahdani21_,D.O,0
yy1234543,liat live tdi gereget bnget ga transparan bnget cuih,0
kingdomofheavennn,"jadi ke inget ""hukum itu seperti pisau""",0
dkaherdnsyh,wkwkwk UI lagi 😭😭😭,0
_fzryy,pesona” lolos masuk ui karena ordal,0
satriasebastyan_,untung gue dapet merah,0
zealand1930,"awal cuman muncul 2, ehh pas ada yang samper ke atas malah pada bobo cantik yahhh😅",0
rubbyfoxy,that's why pendidikan itu harus dibarengi segala pelajaran tata krama dan moral,0
haefaazhar,Pelaku sisanya ke mana?,0
fo0di3tt_,td join live. nya kak bener' kacauu,0
adv7gcbkc5,percaya GK klo ui itu 10th lbh ada hal yg tersembunyi.tp baru hal ini yg baru kliatan😂,0
user290603_,sekelas ui loh..,0
adlinahafidzh,owh yg live tadih ad muncul,0
aleksxxanderrr,bnyak livenya tdi mayan bisa liat dri tiktok,0
faiiryjim,Dosen juga kena,0
yakult_58,Sekelas FH UI loh,0
asrie.achyt,"😭😭💔💔 Yaa Allah lindungilah anak2ku dr orang2 bejat dan jahat dimanapun mereka berada nnti, Aamiiin Allahumma Aamiinn yaa Allah🤲🏻🤲🏻😭",0
cacamariicaaaaa,,0
atmin_imut12,nih habis nonton livenya,0
s.a.o.r23,@potatochips,0
vousmexouyez,@Helloii oh pantesan aku dulu ga lolos snbp wkwk,0
kendricklamar0377,"nonton tdi live nya, sumpah geram bgt",0
7chillpeachyla,"our pengacara, jaksa, hakim, notaris in the future btw😭😭😭😭",0
bitzofbuzz,bahkan dosennya juga kenaa,0
dhanu.7.7,GUA PAKE H YA ( DHANU ),0
ow.ija,Well said,0
loviaurbii_,ternyata 16 org ges,0
ayshaaaaaaa10,@lily ini dijelasin,0
muhammadikhsan555,🤣,0
bayu.wardana89,"tolong di kawal bang, tadi nonton live nyaa bertele tele hanya minta maaf proses akan terus berjalan",0
user28196712352206,plis D.O jangan luluskan,0
callmekaraaaaa,"Kalo ada korban nya kasian korban nya 🥺, se menyakitkan apa mental mereka ketika di lecehkan , huhu sedih🥺",0
ulleeeekk,kawallll,0
mileks_duarr,"btw itu chat nya lucu,pake appk apa si",0
rrzsnz,@ᥴey 𐙚: ternyata bener yaa pendidikan tidak menentukan pola pikir manusia..,0
whoisv1aa,miris,0
nothingpeople199,itulah mengapa pentingnya iman dalam diri manusia🙂,0
riss_kii6,pantes banyak live,0
bukanojolgabuttt,UI lohh😳,0
its.mecola,kakkk harus liat video yang kakaknya (cewe) malah cabutin itu poster yang ditempel wkwkwkwk,0
nimasari99,"@alsa: dan kalaupun mereka minta maaf, itu bukan karna ngerasa bersalah, tapi nama baik mereka sendiri",0
caacils,"di unpad juga ada grup kaya gini, skrg lg ketar ketir",0
user1061603283550,😭,0
_donigunawan_,"Fakultas HUKUM LOHH, SEKALI LAGI HUKUUMMMMMM 😳😳😳😳",0
fransiscadwirahayunings1,ini yg disebut kampus paling bagus di Indonesia dengan kasusnya,0
xoloverem,"ADA BANYAK ASLINYA, BARU UI YANG KEBONGKAR",0
bignoskyyy,cbul ih cbul,0
madebypinkk,tdi ada yg live,0
keysihombing_,sebenernya beberapa kampus di Indo juga pasti ada gini cuma belum ke up aja hehe #izin 🙏,0
oneofv1e,@upiii🤟,0
chysaoraa,live nya sampe 56k yg nonton. banyak yg marah dan yap mostly minta DO,0
risxyuchiha,gw kira yg live lagi bahas sidang isbat,0
indenpis,lah serahkan ke pihak berwajib dong biar jera,0
wand4aj4,"maksudnya knp tuh yah aku gak tau apa apa,kmrin tu setiap live lewat",0
zii_vallene,"baru aja masuknya live sampai skrg, rame bgt ternyata ini",0
athemizzz,"pendidikan yang seharusnya jadi tempat vital untuk kita mengembangkan pola pikir dan bakat malah jadi tempat pelecehan, semoga kita semua selalu dilindungi oleh allah dari hal-hal gila dan menjijikkan seperti ini.",0
jurjang_,,0
aureliatiwi2,UI,0
carpediemmw,WKWKWK RAME BAT NI DI X,0
agumarumaru,"barusan ada yg ngelive di FHUI, semua korban dan semua pelaku dikumpulin. dan livenya masih berlangsung",0
joeverly703,apa yah cuma gini jing di permasalahin 1 univ,0
alwayskitin,1. ui 2. mahasiswa FH 3. dah gede,0
meirini18,FAKULTAS HUKUM loh,0
mimoymew,banyak ko oknum2 org hukum yg malah jd pelaku karena mungkin ngerasa ngerti hukum ya,0
greenbe.1,Sedih bgt bahkan dosen pun dilecehin di percakapan itu :(,0
dikmaaww,,0
hengky_carllsen,"hrus ada proses dlu jgn asal do do aja,kta dosennya gtu",0
duckyducs,miris jujur,0
zeus.wayar,@Cess,0
es.gabus.jadul,🔥,0
vctoriasceret,eakkk,0
user49522701557240,ada yg livee sidang wkwkw,0
yatiabdulrahman,Sekelas UI 🥶,0
shitreyy,[Sticker] ,0
nataniel.clips,cek clip saya!,0
rezaaditya8059,👍👍👍,0
pengen.tau.hukum,🥰🥰🥰,0
pengen.tau.hukum,😂😂😂,0
moliemin,Sakit njir,0
owenardiansyah,bahkan dosen perempuan aja kena 💔,0
ihhmt_,skrng msih live,0
biji_mel0n,gimana kalau lulus jadi hakim/pengacara apa gak makin ancur konoha,0
zebrapolkadotttt,do coyyy,0
mineenaaz_,njs njs njs,0
delavocn,kalau g di DO aneh bgt sih,0
a_aprlliaa,gelo ihhhh,0
mario.irwansyah,Katanya korban ada dosen juga?,0
toharding76,tapi kenapa kasus chat grup DJ panda gak kenapa kenapa malah yg bocorin chat nya yg bakalan di kasusin,0
ice_bear290601,lgi live tuh klarifikasi FH,0
pillowsjm,@zyalah @lita.sdump @aisyah @zaraa,0
arbethu,😂,0
fakhri.husaini60,anj itu,0
ansalmaaaw,korbannya ada berapa org?,0
altheeeea__,"gayakin sih kalo kasus nya cuman ini doang, pasti banyak pelanggaran lain, cuman ga ke publish aja",0
camilaveyou,"dan FHUI cuma bisa berstatement mengutuk, menolak, melawan KS, yang mana anak kecil aja bisa wkwk funny at all",0
jakiii008,[Sticker] fakultas hukum tapi gak tau hukummm....,0
caprister07,"perkara chat doang di masalahin lebay, kecuali aksi baruu di tindakin",0
inijuaaaaaaa,@dita @sasskia @.dump111 @sorai @aretika 😳,0
rose1114114,"Aku mau tanya dong, aku salah satu korban ks, kekerasan fisik, dan verbal dulu tahun 2022-2023. Waktu itu aku masih takut bersuara tapi swkarang aku sadar harusnya aku up dan aku laporin aku masih punya bukti, ini masih bisa d angkat ga ya kasusnya karena uda lama?",0
renwidianadhil,seperti biasa,0
kylazlydrndrr,@ᥴey 𐙚: ternyata bener yaa pendidikan tidak menentukan pola pikir manusia..,0
patwalnihbos,"dibawah ini ada live nya,16 orang kan?",0
denizainuddin,#DO,0
desperatesushii,Law are cooked💀,0
wahgelasilu,"gak cuma mahasiswi yang kena, dosen juga ada...",0
3ls.coups,@tyrex,0
awaaemmuachh,trnyata uin tdk seburuk itu🗿,0
archadox,bahkan dosennya juga kena,0
thumb2_,@Universitas Indonesia,0
chiwi.chiwii,[Sticker] ui,0
yuu.2606,suram masa depan FH UI,0
ka.i.la7,,0
wandayaa1,"masalahnyaa tuh gini, dia calon orang hukum, dan paham ttg hukum.. makanya pada murkaa",0
ptrzlfaf,kawal sampe di DO,0
bsseasaltfore,grup mantan gua jg gini.,0
vaneeyyaa,"aku juga korban KS sama salah satu mahasiswa kampus ijo jkt, tp pihak kampus nya lama bgt nanggepin nya dari bulan november sampe skrg gaada kejelasan",0
bubblebeep1201,Dri kemarin gw nnton live nya,0
nbilmruf7,ini knp kasus mahasiswa di Indonesia ada aja gebrakannya,0
lisssnaa_,Ngeri banget yaallah,0
anothersiina,@RenimWart,0
dumpsssss19,ui lagi ui mulu,0
ny.momochi_,sumpah menjijik4n banget !!!,0
im_hawani,akhirnya kasus UIN terlupakan,0
nanasihombing,"bagus sih sidang nya, tp ketika didepan sudah memberi aba""tidak menghargai.,ribut nya minta ampunn, bukan adu keras suara sih. ga akan nyelesain mslah.",0
ke3yssss,@icecreammmmm hukum lagi 😅,0
lattee_milkk,malu maluin UI,0
leonhrtd,@paw jir,0
d_as4a,"Cape deh, coba aja bongkar tiap angkatan FH nya,",0
langsupernova,[Sticker] ,0
teluromelett,@geodetic's 👷 ril kah,0
rapikatari,gilaa sihhh,0
hnfleidaa,MIRISSS @12 @b,0
nanaglowskincare_ulujami,Ya ampun malu,0
austin_xavier0,Salam dari UPH,0
bulukaki96,jangan shock dong kaya ga paham aja kiww,0
ststst0_,di,0
namakuika4,Oh ini yg live ituuu,0
xxy_538,@️iki?,0
in_dri.a,yg nyebarin siapa,0
mie_ayam441,ini ya?,0
jovwith.elle,ui mah ga heran,0
ruruaa,baru bangun udah disuguhi kasus aja nih,0
lonnnnli,@ㅤ,0
ucokbewok,pengalihan ga sih,0
whitetytey,"fakultas hukum, buktikan dong masa udh jelas gini ga bsa ngehukum katanya di bidang hukum 😂",0
tempetawho,..... wkwk,0
bayalf778,@univ_indonesia ea klarifikasi dah,0
coffegoodday14,"sok""an demo membela hukum tapi kayak gitu",0
rapeaaaa,ui redflag bgt,0
haifa.fzrmdhn18,padahal itu jurusan impian aku lohhh😔,0
aaabbbbbxxxaaaggg,pantesan sidang nya sampe sekarang,0
camperven,"@sa: yaelah ini banyak banget wkwkkw, yg kedokteran atau teknik dll. ya kebetulan ga ke up aja😞. terus pas di up malah korban yg di salahin",0
.n70865,UI..?,0
mocimolala18,Ko bisa masuk UI ya,0
romanpiecs,simpen dulu ahh WKWKWK,0
nananano934,izin download kak,0
ab0ut_wawaa,UI GACORR WKWKKWK,0
myanotherlayer,"Emang gak semua anak hukum, tapi klo itu anak hukum gue gk kaget 😌",0
jinjiiw_,HUKUM padahallllll,0
kikielisabeth98,@icechocolate,0
sakt1nk,@,0
sakt1nk,😌,0
hsnaadilla,"sebenernya yang kaya gini tuh banya,tapi bedanya yang lain ga ketauan aja",0
forourpagee,[Sticker] woaah gilaa,0
ccxgirll,@ston3ky,0
.panggilsaja_daeng,"bukan cuman d ui di kampus"" lain juga banyak, tp tdk ke up aja😏 percayalah",0
mynamesidoyok,stress,0
aliajadah,ada yg lagi live tuh pas nuntut,0
grimbastard_,noh yg lulus tp problematik jg viralin lah,0
qransya,kualitas UI semakin bobrok jir,0
9yudaisy,kampus ini lagi,0
sarahthv09,maluu maluin ihhh,0
knraaaaaa,UI ANAK HUKUM LAGI YA ALLAHHHH,0
arzrkive_,Universitas Indonesia 😳,0
akunsec34,Syudah terbiasa terjadi tante~~~ 😂,0
sirrbunny,[Sticker] ,0
n0uzooo,klo ga DO parah sih,0
fafasanas,[Sticker] Mereka masuk Hukum untuk Bypass masalah,0
dsadfrh,kasus aksyena aja ga kelar. barang bukti lenyap semua. padahal keluarga aksyena masih cari keadilan. UI OH UI,0
novikautami46,Lg live bg,0
0rionbelt_,ngisinin ih,0
fazzriellll,"[Sticker] semua kampus pasti ada, cuma ga semua ketahuan",0
cynsys._,eeeee sebenernya g kagett kalo ui🙏🙏,0
lateher0__,baru aja nimbrung sidang🙂,0
ccmiluv_,Adab di atas ilmu gais🔥,0
xchillo,yang waktu itu kasus tabrak itu dri ui atau mana sih?,0
luckyperson01_,huhuhu jujur aku juga pernah di hina secara fisik dari mahasiswa yang kuliah di fakultas hukum. walaupun buma dari UI tapi sakit bgtt asli😭,0
nonstop0410,baru aja fyp,0
sukacumiit,ini gais @aywhu @🐘 @naty,0
ririsimuppp3,HUKUM LOH?😔,0
nabilanosaa,mungkin penegak hukum ytta dulu jg kaya gitu ya ngobrolnya wkwk,0
cgrttsza,reall yg kuliah pun sma sj😂,0
diaalaluna,@ㅤ,0
choco___minto0oooo0,betul,0
woolahop,bahkan mereka kaya gitu ke dosen juga....,0
dshiiin,🥰🥰🥰,0
yuhuuuuuuuu118,miris…,0
thorzzs,[Sticker] fakultas hukum loh,0
24nec,tdk fantas,0
ehhh.vannn,hahahahahaha sekelas ui,0
panaseaaaa,"mahasiswa hukum, yang terjerat hukum",0
